StartDate,EndDate,AssetID,MachineName,MachineType,Load Capacity (Tonnes),OEM,Model,VIN,Manufacturing year,EngineType,EmissionStandard,Customer,Code,Site,HireStatus,ContractNumber,Active (hh:mm),Idle (hh:mm),Total On (hh:mm),Off (hh:mm),Idle (%),OutOfHours (hh:mm),RentalUtilisation (%),Fuel (L),Fuel burn (l/h),CO2 Emissions (t),Data Level (%),Telematics found,Activity Data Source,Hour Meter Data Source,Fuel Data Source,Ownership type,Owner,Note,Subscriptions
2023/08/14,2023/08/17,103,Hitachi ZX145W Wheeled Excavator S/S,EXCAVATOR,,HITACHI,ZX145W,CFA050129,,,,BALFOUR BEATTY CONSTRUCTION SERVICES,BALFOURB,"BALFOUR BEATTY SITE OFFICE, HULL",Open (Hire Continues),,14:54,06:15,21:09,,29.6,00:00,53,178,8.42,0.47,75,Yes,Hitachi - AEMP 2.0,Hitachi - AEMP 2.0,Hitachi - AEMP 2.0,,,JK6CFA04D00050129,
2023/08/14,2023/08/17,108,Hitachi ZX225USRLC-5 Excavator,EXCAVATOR,,HITACHI,,DCQ300747,,,,ESH CONSTRUCTION LIMITED,LUMSDEN&,"HAGGS LANE, OFF LAMESLEY ROAD, GATESHEAD",Full Off Hire,,00:38,00:10,00:48,,21.3,00:00,2,18,22.5,0.05,25,Yes,Hitachi - AEMP 2.0,Hitachi - AEMP 2.0,Hitachi - AEMP 2.0,,,HCMDCQ50L00300747,
2023/08/14,2023/08/17,109,Hitachi ZX85USB-5 Excavator,EXCAVATOR,,HITACHI,,DEE100336,,,,ESH CONSTRUCTION LIMITED,LUMSDEN&,"GRASSHOLME RESERVOIR, BARNARD CASTLE",Full Off Hire,,00:14,00:03,00:17,,17.2,00:00,1,,,,50,Yes,Hitachi - AEMP 2.0,Hitachi - AEMP 2.0,Hitachi - AEMP 2.0,,,HCMDEE50P00100336,
2023/08/14,2023/08/17,110,HITACHI ZX85-5,OTHER,,HITACHI,,HCMDEE50C00100342,,,,UNALLOCATED,UNALLOCATED,UNALLOCATED,,,00:00,00:00,00:00,,,00:00,0,,,,0,Yes,Hitachi - AEMP 2.0,Hitachi - AEMP 2.0,Hitachi - AEMP 2.0,,,,
2023/08/14,2023/08/17,113,Hitachi ZX135US-5 Excavator,EXCAVATOR,,HITACHI,,DAE091197,,,,ESH CONSTRUCTION LIMITED,LUMSDEN&,"HAGGS LANE, OFF LAMESLEY ROAD, GATESHEAD",Open (Hire Continues),,04:25,02:53,07:17,,39.5,00:00,18,83,11.39,0.22,50,Yes,Hitachi - AEMP 2.0,Hitachi - AEMP 2.0,Hitachi - AEMP 2.0,,,HCMDAE50J00091197,
2023/08/14,2023/08/17,120,120,DOZER,,CATERPILLAR,D6T,JRW00501,,,,UNALLOCATED,UNALLOCATED,UNALLOCATED,,,,,,,,,,,,,0,Yes,CAT - AEMP 2.0,CAT - AEMP 2.0,CAT - AEMP 2.0,,,,
2023/08/14,2023/08/17,126,CAT D6N,DOZER,,CATERPILLAR,D6N,GHS00601,,,,BAM NUTTALL LTD,BAMNUTTA,"A19 SHIPTON ROAD, YORK (CLIFTON INGS)",Open (Hire Continues),,11:12,01:48,13:00,,13.8,00:00,33,188,14.46,0.5,75,Yes,CAT - AEMP 2.0,CAT - AEMP 2.0,CAT - AEMP 2.0,,,,
2023/08/14,2023/08/17,127,Hitachi ZX135US Excavator,EXCAVATOR,,HITACHI,,91976,,,,UNALLOCATED,UNALLOCATED,UNALLOCATED,,,,,,,,,,,,,0,Yes,Hitachi - AEMP 2.0,Hitachi - AEMP 2.0,Hitachi - AEMP 2.0,,,HCMDAE50C00091976,
2023/08/14,2023/08/17,129,HITACHI ZX225-5,OTHER,,HITACHI,,HCMDCQ50K00301003,,,,UNALLOCATED,UNALLOCATED,UNALLOCATED,,,10:01,04:10,14:11,,29.4,00:00,35,274,19.31,0.72,50,Yes,Hitachi - AEMP 2.0,Hitachi - AEMP 2.0,Hitachi - AEMP 2.0,,,,
2023/08/14,2023/08/17,135,CAT 336,EXCAVATOR,,CATERPILLAR,336,YCE00729,,,,G R POTTER CONTRACTS LTD,POTTERC1,"ARCOT HALL, CRAMLINGTON",Open (Hire Continues),,20:24,07:00,27:24,,25.5,00:42,69,910,33.21,2.4,100,Yes,CAT - AEMP 2.0,CAT - AEMP 2.0,CAT - AEMP 2.0,,,,
2023/08/14,2023/08/17,146,CAT 320,EXCAVATOR,,CATERPILLAR,320,NAZ01922,,,,BAM NUTTALL LTD,BAMNUTTA,"A19 SHIPTON ROAD, YORK (CLIFTON INGS)",Open (Hire Continues),,00:00,00:00,00:00,,,00:00,0,0,0,0,25,Yes,CAT - AEMP 2.0,CAT - AEMP 2.0,CAT - AEMP 2.0,,,,
2023/08/14,2023/08/17,148,HITACHI ZX470,OTHER,,HITACHI,,HCMJAA50C00031006,,,,UNALLOCATED,UNALLOCATED,UNALLOCATED,,,00:22,00:53,01:15,,71.2,00:00,3,13,10.4,0.03,50,Yes,Hitachi - AEMP 2.0,Hitachi - AEMP 2.0,Hitachi - AEMP 2.0,,,,
2023/08/14,2023/08/17,154,Hitachi ZX135US-5 Excavator (SP),EXCAVATOR,,HITACHI,,95431,,,,ESH CONSTRUCTION LIMITED,LUMSDEN&,"MILLER HOMES, ESTON, MIDDLESBOROUGH",Open (Hire Continues),,04:20,02:47,07:07,,39.2,00:00,18,136,19.1,0.36,50,Yes,Hitachi - AEMP 2.0,Hitachi - AEMP 2.0,Hitachi - AEMP 2.0,,,HCMDAE50C00095431,
2023/08/14,2023/08/17,155,Hitachi ZX135US-5 Excavator (Rotate),EXCAVATOR,,HITACHI,ZX135,95580,,,,UNALLOCATED,UNALLOCATED,UNALLOCATED,,,,,,,,,,,,,0,Yes,Hitachi - AEMP 2.0,Hitachi - AEMP 2.0,Hitachi - AEMP 2.0,,,HCMDAE50L00095580,
2023/08/14,2023/08/17,157,Hitachi ZX130LCN-5 Excavator,EXCAVATOR,,HITACHI,,96105,,,,RD GROUNDWORKS & CONSTRUCTION LTD,RDGROUND,"PERSIMMON HOMES, HUDDERSFIELD",Open (Hire Continues),,07:43,03:55,11:37,,33.6,00:00,29,123,10.59,0.32,50,Yes,Hitachi - AEMP 2.0,Hitachi - AEMP 2.0,Hitachi - AEMP 2.0,,,HCMDAD51E00096105,
2023/08/14,2023/08/17,159,Hitachi ZX130LCN-5 Excavator,EXCAVATOR,,HITACHI,ZX130,96579,,,,BAM NUTTALL LTD,BAMNUTTA,ROBIN HOODS BAY,Open (Hire Continues),,,,,,,,,,,,0,Yes,Hitachi - AEMP 2.0,Hitachi - AEMP 2.0,Hitachi - AEMP 2.0,,,HCMDAD51C00096579,
2023/08/14,2023/08/17,162,CAT D6T,DOZER,,CATERPILLAR,D6T,D6TLSGT00325,,,,UNALLOCATED,UNALLOCATED,UNALLOCATED,,,,,,,,,,,,,0,Yes,CAT - AEMP 2.0,CAT - AEMP 2.0,CAT - AEMP 2.0,,,,
2023/08/14,2023/08/17,163,CAT D5K,DOZER,,CATERPILLAR,D5K,EKY200893,,,,CORE SPECIAL PROJECTS LTD,CORESPEC,EGGBOROUGH POWER STATION,Open (Hire Continues),,10:48,08:42,19:30,,44.6,00:00,49,118,6.05,0.31,100,Yes,CAT - AEMP 2.0,CAT - AEMP 2.0,CAT - AEMP 2.0,,,,
2023/08/14,2023/08/17,167,Hitachi ZX225USR-5 Excavator (Egg),EXCAVATOR,,HITACHI,,303603,,,,BAM NUTTALL LTD,BAMNUTTA,"BRIDGE FARM, STRENSALL, YORK",Open (Hire Continues),,01:18,02:27,03:45,,65.3,00:00,9,43,11.47,0.11,25,Yes,Hitachi - AEMP 2.0,Hitachi - AEMP 2.0,Hitachi - AEMP 2.0,,,HCMDCQ50H00303603,
2023/08/14,2023/08/17,168,Hitachi ZX135US-5 Excavator (Egg),EXCAVATOR,,HITACHI,ZX135,96278,,,,UNALLOCATED,UNALLOCATED,UNALLOCATED,,,,,,,,,,,,,0,Yes,Hitachi - AEMP 2.0,Hitachi - AEMP 2.0,Hitachi - AEMP 2.0,,,HCMDAE50C00096278,
2023/08/14,2023/08/17,174,Hitachi ZX135US Excavator c/w Blade,EXCAVATOR,,HITACHI,,96547,,,,FALLON D & B LTD,FALLONDB,"JOHNSON MATTHEY, STOCKTON ON TEES",Open (Hire Continues),,03:13,08:11,11:24,,71.8,00:00,28,52,4.56,0.14,50,Yes,Hitachi - AEMP 2.0,Hitachi - AEMP 2.0,Hitachi - AEMP 2.0,,,HCMDAE50V00096547,
2023/08/14,2023/08/17,176,CAT  D5K,DOZER,,CATERPILLAR,D5K,0KY202350,,,,UNALLOCATED,UNALLOCATED,UNALLOCATED,,,00:12,00:00,00:12,,0,00:00,1,1,5,0,100,Yes,CAT - AEMP 2.0,CAT - AEMP 2.0,CAT - AEMP 2.0,,,,
2023/08/14,2023/08/17,178,Hitachi ZX135US Excavator c/w Blade,EXCAVATOR,,HITACHI,,96813,,,,UNALLOCATED,UNALLOCATED,UNALLOCATED,,,00:10,00:09,00:19,,46.9,00:00,1,2,6.25,0.01,25,Yes,Hitachi - AEMP 2.0,Hitachi - AEMP 2.0,Hitachi - AEMP 2.0,,,HCMDAE50H00096813,
2023/08/14,2023/08/17,180,HITACHI ZX140W-5,OTHER,,HITACHI,,HCMLAA5ZC00060755,,,,UNALLOCATED,UNALLOCATED,UNALLOCATED,,,09:52,04:16,14:08,,30.2,00:00,35,154,10.9,0.41,50,Yes,Hitachi - AEMP 2.0,Hitachi - AEMP 2.0,Hitachi - AEMP 2.0,,,,
2023/08/14,2023/08/17,182,CAT D4K2 Dozer Earthworks GPS,DOZER,,CATERPILLAR,D4K2LGP,KR202267,,,,CORE SPECIAL PROJECTS LTD,CORESPEC,UNALLOCATED,,,00:12,00:30,00:42,,71.4,00:00,2,2,2.86,0.01,75,Yes,CAT - AEMP 2.0,CAT - AEMP 2.0,CAT - AEMP 2.0,,,,
2023/08/14,2023/08/17,183,CAT D5K,DOZER,,CATERPILLAR,D5K2LGP,OKY202494,,,,HOWARD CIVIL ENGINEERING,HOWARDCI,"A183 COSTAL ROAD, SOUTH SHIELDS",Open (Hire Continues),,12:06,06:42,18:48,,35.6,00:00,47,112,5.96,0.3,100,Yes,CAT - AEMP 2.0,CAT - AEMP 2.0,CAT - AEMP 2.0,,,,
2023/08/14,2023/08/17,184,CAT D6T,DOZER,,CATERPILLAR,D6T,CR300122,,,,EIFFAGE KIER FERROVIAL BAM JOINT VENTURE,EIFFAGEJ,"GATE 10, WEST STREET, TWYFORD",Open (Hire Continues),,10:12,10:30,20:42,,50.7,00:00,52,276,13.33,0.73,100,Yes,CAT - AEMP 2.0,CAT - AEMP 2.0,CAT - AEMP 2.0,,,,
2023/08/14,2023/08/17,186,HITACHI ZX210-5,OTHER,,HITACHI,,305262,,,,UNALLOCATED,UNALLOCATED,UNALLOCATED,,,00:00,00:00,00:00,,,00:00,0,0,0,0,0,Yes,Hitachi - AEMP 2.0,Hitachi - AEMP 2.0,Hitachi - AEMP 2.0,,,,
2023/08/14,2023/08/17,187,187,DOZER,,CATERPILLAR,D5K,0KY202642,,,,UNALLOCATED,UNALLOCATED,UNALLOCATED,,,00:00,00:00,00:00,,,00:00,0,0,0,0,75,Yes,CAT - AEMP 2.0,CAT - AEMP 2.0,CAT - AEMP 2.0,,,,
2023/08/14,2023/08/17,191,Hitachi ZX85USB-5 Excavator,EXCAVATOR,,HITACHI,,101933,,,,UNALLOCATED,UNALLOCATED,UNALLOCATED,,,00:34,00:30,01:04,,47.2,00:00,3,,,,75,Yes,Hitachi - AEMP 2.0,Hitachi - AEMP 2.0,Hitachi - AEMP 2.0,,,HCMDEE50L00101933,
2023/08/14,2023/08/17,192,Hitachi ZX85USB-5 Excavator,EXCAVATOR,,HITACHI,,101938,,,,A D PLANT HIRE LTD,ADPLANTH,"MILLER HOMES, OFF FLATTS LANE, NORMANBY",Open (Hire Continues),,05:16,03:56,09:12,,42.8,00:00,23,,,,50,Yes,Hitachi - AEMP 2.0,Hitachi - AEMP 2.0,Hitachi - AEMP 2.0,,,HCMDEE50P00101938,
2023/08/14,2023/08/17,194,Hitachi ZX85USB-5 Excavator,EXCAVATOR,,HITACHI,,101933,,,,ESH CONSTRUCTION LIMITED,LUMSDEN&,"MARIA STREET, NEWCASTLE",Full Off Hire,,00:00,00:00,00:00,,,00:00,0,,,,0,Yes,Hitachi - AEMP 2.0,Hitachi - AEMP 2.0,Hitachi - AEMP 2.0,,,HCMDEE50C00101992,
2023/08/14,2023/08/17,195,Hitachi ZX85USB-5 Excavator,EXCAVATOR,,HITACHI,,101993,,,,NEWBY FOODS LTD,NEWBY,HEAD OFFICE,Open (Hire Continues),,02:50,01:40,04:30,,36.9,00:00,11,,,,50,Yes,Hitachi - AEMP 2.0,Hitachi - AEMP 2.0,Hitachi - AEMP 2.0,,,HCMDEE50V00101993,
2023/08/14,2023/08/17,196,Hitachi ZX85USB-5 Excavator,EXCAVATOR,,HITACHI,,101996,,,,JOSEPH GALLAGHER LTD,GALLAGHE,"TEES VALLEY, BARNARD CASTLE",Open (Hire Continues),,06:35,03:16,09:52,,33.2,00:00,25,,,,50,Yes,Hitachi - AEMP 2.0,Hitachi - AEMP 2.0,Hitachi - AEMP 2.0,,,HCMDEE50H00101996,
2023/08/14,2023/08/17,197,Hitachi ZX85USB-5 Excavator,EXCAVATOR,,HITACHI,,100350,,,,ESH CONSTRUCTION LIMITED,LUMSDEN&,TAYLOR WIMPEY SEAHAM OFF A182,Open (Hire Continues),,07:38,03:17,10:55,,30.1,00:00,27,123,11.27,0.32,50,Yes,Hitachi - AEMP 2.0,Hitachi - AEMP 2.0,Hitachi - AEMP 2.0,,,HCMDAS50K00100350,
2023/08/14,2023/08/17,200,Hitachi zx135-6,EXCAVATOR,,HITACHI,ZX135US-6,100339,,,,UNALLOCATED,UNALLOCATED,OTHER,,,00:53,00:10,01:02,,15.4,00:00,3,8,7.69,0.02,75,Yes,Hitachi - AEMP 2.0,Hitachi - AEMP 2.0,Hitachi - AEMP 2.0,,,,
2023/08/14,2023/08/17,201,Hitachi ZX135US-6 AB Excavator c/w Blade,EXCAVATOR,,HITACHI,,100337,,,,D H M S CIVILS LTD,DHMSCIVI,"BROCKINGTON COLLEGE, LEICESTER",Open (Hire Continues),,04:10,03:26,07:35,,45.2,00:00,19,59,7.77,0.16,50,Yes,Hitachi - AEMP 2.0,Hitachi - AEMP 2.0,Hitachi - AEMP 2.0,,,HCMDAS50A00100337,
2023/08/14,2023/08/17,206,206,OTHER,,HYDREMA,,12444,,,,BAM NUTTALL LTD,BAMNUTTA,"CALVERLEY, LOW HALL ROAD, LEEDS",Open (Hire Continues),,06:01,,06:01,,,00:00,15,,,,100,Yes,Trackunit - AEMP 2.0,Trackunit - AEMP 2.0,Trackunit - AEMP 2.0,,,,
2023/08/14,2023/08/17,208,CAT D6N,DOZER,,CATERPILLAR,D6N,CMG501022,,,,G R POTTER CONTRACTS LTD,POTTERC1,"ARCOT HALL, CRAMLINGTON",Open (Hire Continues),,00:48,00:48,01:36,,50,00:00,4,22,13.75,0.06,100,Yes,CAT - AEMP 2.0,CAT - AEMP 2.0,CAT - AEMP 2.0,,,,
2023/08/14,2023/08/17,210,Hitachi zx135us-6,EXCAVATOR,,HITACHI,ZX135US-6,HCMDAS50T00100698,,,,UNALLOCATED,UNALLOCATED,UNALLOCATED,,,,,,,,,,,,,0,Yes,Hitachi - AEMP 2.0,Hitachi - AEMP 2.0,Hitachi - AEMP 2.0,,,,
2023/08/14,2023/08/17,214,HITACHI ZX85-5,OTHER,,HITACHI,,102190,,,,R A DALTON LTD,DALTONRA,"WOODLANDS FARM, YORK",Open (Hire Continues),,02:58,03:11,06:08,,51.8,00:00,15,,,,50,Yes,Hitachi - AEMP 2.0,Hitachi - AEMP 2.0,Hitachi - AEMP 2.0,,,,
2023/08/14,2023/08/17,218,Hitachi ZX225USR-6 AB Excavator,EXCAVATOR,,HITACHI,,500242,,,,ESH CONSTRUCTION LIMITED,LUMSDEN&,TAYLOR WIMPEY SEAHAM OFF A182,Open (Hire Continues),,08:07,07:22,15:29,,47.6,00:00,39,254,16.41,0.67,50,Yes,Hitachi - AEMP 2.0,Hitachi - AEMP 2.0,Hitachi - AEMP 2.0,,,HCMDFC50C00500242,
2023/08/14,2023/08/17,219,Hitachi ZX225USR-6 AB Excavator GPS,EXCAVATOR,,HITACHI,,500258,,,,BAM NUTTALL LTD,BAMNUTTA,"CALVERLEY, LOW HALL ROAD, LEEDS",Open (Hire Continues),,15:10,02:52,18:01,,15.9,00:00,45,374,20.75,0.99,50,Yes,Hitachi - AEMP 2.0,Hitachi - AEMP 2.0,Hitachi - AEMP 2.0,,,HCMDFC50A00500258,
2023/08/14,2023/08/17,220,Hitachi ZX135USBL-6 Excavator c/w Blade (Egg),EXCAVATOR,,HITACHI,,101033,,,,UNALLOCATED,UNALLOCATED,UNALLOCATED,,,00:03,00:00,00:03,,0,00:00,0,0,0,0,50,Yes,Hitachi - AEMP 2.0,Hitachi - AEMP 2.0,Hitachi - AEMP 2.0,,,HCMDAS50C00101033,
2023/08/14,2023/08/17,221,Hitachi ZX135USBL-6 Excavator c/w Blade GPS S/S XW4,EXCAVATOR,,HITACHI,ZX135,100961,,,,M G L DEMOLITION LTD,MGLDEMOL,"BELMONT COMMUNITY SCHOOL (KIER), DURHAM",Unconfirmed Hire,,02:38,02:48,05:26,,51.5,00:00,14,41,7.54,0.11,50,Yes,Hitachi - AEMP 2.0,Hitachi - AEMP 2.0,Hitachi - AEMP 2.0,,,HCMDAS50T00100961,
2023/08/14,2023/08/17,228,HITACHI ZX85-5,OTHER,,HITACHI,,81311,,,,UNALLOCATED,UNALLOCATED,UNALLOCATED,,,00:00,00:00,00:00,,,00:00,0,,,,0,Yes,Hitachi - AEMP 2.0,Hitachi - AEMP 2.0,Hitachi - AEMP 2.0,,,,
2023/08/14,2023/08/17,236,Hitachi ZX225USR-6 AB Excavator Bio,EXCAVATOR,,HITACHI,,500741,,,,JOSEPH GALLAGHER LTD,GALLAGHE,"KENDAL OUTFALL, KENDALL",Open (Hire Continues),,00:23,00:21,00:44,,47.3,00:00,2,7,9.46,0.02,50,Yes,Hitachi - AEMP 2.0,Hitachi - AEMP 2.0,Hitachi - AEMP 2.0,,,HCMDFC50K00500741,
2023/08/14,2023/08/17,238,"Hitachi ZX85US-5 Excavator XW3 (Fixed Boom,Rotate)",EXCAVATOR,,HITACHI,,81360,,,,UNALLOCATED,UNALLOCATED,UNALLOCATED,,,06:58,10:39,17:37,,60.4,00:24,44,,,,50,Yes,Hitachi - AEMP 2.0,Hitachi - AEMP 2.0,Hitachi - AEMP 2.0,,,HCMDED50C00081360,
2023/08/14,2023/08/17,239,Hitachi ZX220W-5B Wheeled Excavator,EXCAVATOR,,HITACHI,ZW220,HCMLCA5ZC00030102,,,,UNALLOCATED,UNALLOCATED,UNALLOCATED,,,00:12,01:35,01:47,,88.8,00:00,4,10,5.62,0.03,25,Yes,Hitachi - AEMP 2.0,Hitachi - AEMP 2.0,Hitachi - AEMP 2.0,,,,
2023/08/14,2023/08/17,240,CAT 335F,EXCAVATOR,,CATERPILLAR,335F,CAT0335FLKNE10139,,,,J N BENTLEY LTD,BENTLEY,"GOUTHWAITE RESERVOIR, PATELEY BRIDGE",Open (Hire Continues),,02:48,04:42,07:30,,62.7,00:00,19,77,10.27,0.2,100,Yes,CAT - AEMP 2.0,CAT - AEMP 2.0,CAT - AEMP 2.0,,,,
2023/08/14,2023/08/17,241,Hitachi ZX145W-6 Wheeled Excavator S/S XW4,EXCAVATOR,,HITACHI,,HCMLAC5ZC00030232,,,,BALFOUR BEATTY CONSTRUCTION SERVICES,BALFOURB,"WOODCROFT, STOCKTON-ON-TEES",Open (Hire Continues),,,,,,,,,,,,0,Yes,Hitachi - AEMP 2.0,Hitachi - AEMP 2.0,Hitachi - AEMP 2.0,,,,
2023/08/14,2023/08/17,242,Hitachi ZX300-6 Excavator (SP),EXCAVATOR,,HITACHI,,HCMDDN50C00060153,,,,ESH CONSTRUCTION LIMITED,LUMSDEN&,"HEBBURN TRI STATAION, HEBBURN",Open (Hire Continues),,00:52,00:39,01:31,,42.8,00:00,4,28,18.42,0.07,50,Yes,Hitachi - AEMP 2.0,Hitachi - AEMP 2.0,Hitachi - AEMP 2.0,,,,
2023/08/14,2023/08/17,248,248,EXCAVATOR,,HITACHI,ZX135US-6,HCMDAS50J00102312,,,,UNALLOCATED,UNALLOCATED,OTHER,,,06:03,01:49,07:52,,23,00:00,20,117,14.89,0.31,50,Yes,Hitachi - AEMP 2.0,Hitachi - AEMP 2.0,Hitachi - AEMP 2.0,,,,
2023/08/14,2023/08/17,249,Hitachi ZX135US-6 Excavator,EXCAVATOR,,HITACHI,,102318,,,,LNT CONSTRUCTION LTD,LNTCONST,"CORNELIAN FIELDS, SCARBOROUGH",Open (Hire Continues),,05:00,02:39,07:39,,34.6,00:00,19,124,16.21,0.33,50,Yes,Hitachi - AEMP 2.0,Hitachi - AEMP 2.0,Hitachi - AEMP 2.0,,,HCMDAS50E00102318,
2023/08/14,2023/08/17,251,HITACHI ZX255-6,OTHER,,HITACHI,,501090,,,,T C C PLANT LTD,TCCPLANT,SEAH WINDFARM,Open (Hire Continues),,,,,,,,,,,,0,Yes,Hitachi - AEMP 2.0,Hitachi - AEMP 2.0,Hitachi - AEMP 2.0,,,,
2023/08/14,2023/08/17,254,CAT CS66,COMPACTOR,,CATERPILLAR,CS66B,48700433,,,,UNALLOCATED,UNALLOCATED,UNALLOCATED,,,05:48,06:36,12:24,,53.2,00:00,31,62,5,0.16,75,Yes,CAT - AEMP 2.0,CAT - AEMP 2.0,CAT - AEMP 2.0,,,,
2023/08/14,2023/08/17,255,HITACHI ZX85-5,OTHER,,HITACHI,,HCMDEE50K00102945,,,,UNALLOCATED,UNALLOCATED,UNALLOCATED,,,06:41,03:25,10:06,,33.8,00:00,25,,,,50,Yes,Hitachi - AEMP 2.0,Hitachi - AEMP 2.0,Hitachi - AEMP 2.0,,,,
2023/08/14,2023/08/17,256,Hitachi ZX85USB-5 Excavator,EXCAVATOR ,,HITACHI,,102980,,,,BALFOUR BEATTY CONSTRUCTION SERVICES,BALFOURB,"SITE OFFICES, WORSBOROUGH BRIDGE, BARNSLEY",Open (Hire Continues),,05:19,02:58,08:17,,35.8,00:00,21,,,,50,Yes,Hitachi - AEMP 2.0,Hitachi - AEMP 2.0,Hitachi - AEMP 2.0,,,HCMDEE50J00102980,
2023/08/14,2023/08/17,257,Hitachi ZX85USB-5 Excavator,EXCAVATOR,,HITACHI,ZX85,102969,,,,ESH CONSTRUCTION LIMITED,LUMSDEN&,"3665 THROSTLES NEST, SHOTTON",Open (Hire Continues),,01:12,01:51,03:03,,60.7,00:00,8,,,,50,Yes,Hitachi - AEMP 2.0,Hitachi - AEMP 2.0,Hitachi - AEMP 2.0,,,HCMDEE50E00102969,
2023/08/14,2023/08/17,259,Hitachi ZX85USB-5 Excavator,EXCAVATOR,,HITACHI,,102948,,,,FALLON D & B LTD,FALLONDB,"JOHNSON MATTHEY, STOCKTON ON TEES",Open (Hire Continues),,,,,,,,,,,,0,Yes,Hitachi - AEMP 2.0,Hitachi - AEMP 2.0,Hitachi - AEMP 2.0,,,HCMDEE50V00102948,
2023/08/14,2023/08/17,262,BELL B20E,ADT,,BELL,B30E,AEBA620EA02008423,,Diesel,Stage V,M G L DEMOLITION LTD,MGLDEMOL,"BELMONT COMMUNITY SCHOOL (KIER), DURHAM",Full Off Hire,,,,,,,,,,,,0,Yes,Bell - AEMP 2.0,Bell - AEMP 2.0,Bell - AEMP 2.0,,,,
2023/08/14,2023/08/17,263,BELL B20E,ADT,,BELL,B30E,AEBA620EC02008421,,Diesel,Stage V,EIFFAGE KIER FERROVIAL BAM JOINT VENTURE,EIFFAGEJ,"FCC WORKS, WOODHAM",Open (Hire Continues),,,,,,,,,,,,0,Yes,Bell - AEMP 2.0,Bell - AEMP 2.0,Bell - AEMP 2.0,,,,
2023/08/14,2023/08/17,266,HITACHI ZX225-6,OTHER,,HITACHI,,501600,,,,UNALLOCATED,UNALLOCATED,UNALLOCATED,,,,,,,,,,,,,0,Yes,Hitachi - AEMP 2.0,Hitachi - AEMP 2.0,Hitachi - AEMP 2.0,,,,
2023/08/14,2023/08/17,267,CAT 320,EXCAVATOR,,CATERPILLAR,320,0HEX01191,,,,BAM NUTTALL LTD,BAMNUTTA,"A19 SHIPTON ROAD, YORK (CLIFTON INGS)",Open (Hire Continues),,09:48,04:24,14:12,,31,00:00,35,153,10.77,0.4,100,Yes,CAT - AEMP 2.0,CAT - AEMP 2.0,CAT - AEMP 2.0,,,,
2023/08/14,2023/08/17,268,CAT 320,EXCAVATOR,,CATERPILLAR,320,0HEX01294,,,,EIFFAGE KIER FERROVIAL BAM JOINT VENTURE,EIFFAGEJ,"FCC WORKS, WOODHAM",Open (Hire Continues),,10:48,08:54,19:42,,45.2,00:00,49,242,12.28,0.64,100,Yes,CAT - AEMP 2.0,CAT - AEMP 2.0,CAT - AEMP 2.0,,,,
2023/08/14,2023/08/17,269,CAT 320,EXCAVATOR,,CATERPILLAR,320,0HEX01298,,,,RAINTON CONSTRUCTION LIMITED,RAINTONC,"HILLTHORNE BUSINESS PARK, WASHINGTON",Full Off Hire,,,,,,,,,,,,0,Yes,CAT - AEMP 2.0,CAT - AEMP 2.0,CAT - AEMP 2.0,,,,
2023/08/14,2023/08/17,270,Hitachi ZX210LC-6 Excavator,EXCAVATOR,,HITACHI,ZX210,502237,,,,D H M S CIVILS LTD,DHMSCIVI,"175 BLABY ROAD, LEICESTER",Open (Hire Continues),,,,,,,,,,,,0,Yes,Hitachi - AEMP 2.0,Hitachi - AEMP 2.0,Hitachi - AEMP 2.0,,,HCMDC451K00502237,
2023/08/14,2023/08/17,276,HITACHI ZX85-5,OTHER,,HITACHI,,103388,,,,STUART MARLEY LTD,SMARLEY,"COOK DEFENCE SYSTEMS, BISHOP AUCKLAND",Unconfirmed Hire,,00:20,00:02,00:22,,8.3,00:00,1,,,,50,Yes,Hitachi - AEMP 2.0,Hitachi - AEMP 2.0,Hitachi - AEMP 2.0,,,,
2023/08/14,2023/08/17,277,Hitachi ZX85USB-5 Excavator,EXCAVATOR,,HITACHI,,103296,,,,ESH CONSTRUCTION LIMITED,LUMSDEN&,"NEW COLLEGE DURHAM, DURHAM",Unconfirmed Hire,,01:00,00:57,01:57,,48.7,00:00,5,,,,50,Yes,Hitachi - AEMP 2.0,Hitachi - AEMP 2.0,Hitachi - AEMP 2.0,,,HCMDEE50C00103296,
2023/08/14,2023/08/17,278,HITACHI ZX85-5,OTHER,,HITACHI,,103297,,,,ESH CONSTRUCTION LIMITED,LUMSDEN&,"ACCESS 2, RYHOPE",Open (Hire Continues),,02:23,01:08,03:31,,32.4,00:00,9,,,,50,Yes,Hitachi - AEMP 2.0,Hitachi - AEMP 2.0,Hitachi - AEMP 2.0,,,,
2023/08/14,2023/08/17,281,912f hydrema,OTHER,,HYDREMA,,13442,,,,WALTERS UK LTD,WALTERSU,"COSTAIN ALLERDENE COMPOUND, GATESHEAD (A1 BIRTLEY)",Open (Hire Continues),,15:46,,15:46,,,00:00,39,,,,100,Yes,Trackunit - AEMP 2.0,Trackunit - AEMP 2.0,Trackunit - AEMP 2.0,,,,
2023/08/14,2023/08/17,286,CAT D6K2,DOZER,,CATERPILLAR,D6K,CAT00D6KPJTR01321,,,,M G L DEMOLITION LTD,MGLDEMOL,"CIVIC CENTRE, SUNDERLAND",Open (Hire Continues),,06:54,08:36,15:30,,55.5,00:00,39,84,5.42,0.22,100,Yes,CAT - AEMP 2.0,CAT - AEMP 2.0,CAT - AEMP 2.0,,,,
2023/08/14,2023/08/17,287,CAT D6N,DOZER,,CATERPILLAR,D6N,CAT00D6NCMG501991,,,,BUCKINGHAM GROUP CONTRACTING LTD,BUCKINGH,"UNIT 1, KETTERING",Open (Hire Continues),,00:00,00:00,00:00,,,00:00,0,0,0,0,100,Yes,CAT - AEMP 2.0,CAT - AEMP 2.0,CAT - AEMP 2.0,,,,
2023/08/14,2023/08/17,291,291,OTHER,,UNKNOWN,,WNCD2402EPAL00277,,,,BALFOUR BEATTY CONSTRUCTION SERVICES,BALFOURB,"WOODCROFT, STOCKTON-ON-TEES",Open (Hire Continues),,01:26,00:26,01:52,,23,00:00,5,8,4.28,0.02,100,Yes,Plant & Vehicle Services,Plant & Vehicle Services,Plant & Vehicle Services,,,,
2023/08/14,2023/08/17,292,BELL B20E,ADT,,BELL,B20E,B93A620EV02108845,,Diesel,,A D PLANT HIRE LTD,ADPLANTH,"KEEPMOAT HOMES, ALLERTON LANE, BRADFORD",Open (Hire Continues),,07:30,10:54,18:24,,59.2,00:00,46,171,9.29,0.45,75,Yes,Bell - AEMP 2.0,Bell - AEMP 2.0,Bell - AEMP 2.0,,,,
2023/08/14,2023/08/17,293,293,ADT,,BELL,B20E,B93A620EJ02108826,,Diesel,,UNALLOCATED,UNALLOCATED,EKFB,,,02:42,08:30,11:12,,75.9,00:00,28,58,5.18,0.15,75,Yes,Bell - AEMP 2.0,Bell - AEMP 2.0,Bell - AEMP 2.0,,,,
2023/08/14,2023/08/17,297,BELL B20E,ADT,,BELL,B30E,B93A620EK02108825,,Diesel,,BAM NUTTALL LTD,BAMNUTTA,"A19 SHIPTON ROAD, YORK (CLIFTON INGS)",Open (Hire Continues),,,,,,,,,,,,0,Yes,Bell - AEMP 2.0,Bell - AEMP 2.0,Bell - AEMP 2.0,,,,
2023/08/14,2023/08/17,299,B93A620EP02108712,ADT,,BELL,B30E,B93A620EP02108712,,Diesel,,EIFFAGE KIER FERROVIAL BAM JOINT VENTURE,EIFFAGEJ,"FCC WORKS, WOODHAM",Open (Hire Continues),,,,,,,,,,,,0,Yes,Bell - AEMP 2.0,Bell - AEMP 2.0,Bell - AEMP 2.0,,,,
2023/08/14,2023/08/17,300,BELL B20E,ADT,,BELL,B30E,B93A620EJ02108843,,Diesel,,BAM NUTTALL LTD,BAMNUTTA,"A19 SHIPTON ROAD, YORK (CLIFTON INGS)",Open (Hire Continues),,,,,,,,,,,,0,Yes,Bell - AEMP 2.0,Bell - AEMP 2.0,Bell - AEMP 2.0,,,,
2023/08/14,2023/08/17,301,BELL B20E,ADT,,BELL,B30E,B93A620ET02108868,,Diesel,,POTTER FAMILY HOLDINGS LTD,POTTERFA,HEAD OFFICE,Open (Hire Continues),,,,,,,,,,,,0,Yes,Bell - AEMP 2.0,Bell - AEMP 2.0,Bell - AEMP 2.0,,,,
2023/08/14,2023/08/17,302,Bell b20e ,ADT,,BELL,B20e,8640,,Diesel,,EIFFAGE KIER FERROVIAL BAM JOINT VENTURE,EIFFAGEJ,"FCC WORKS, WOODHAM",Open (Hire Continues),,,,,,,,,,,,0,Yes,Bell - AEMP 2.0,Bell - AEMP 2.0,Bell - AEMP 2.0,,,,
2023/08/14,2023/08/17,303,HITCHI ZX85-5,MINI EXCAVATOR,,HITACHI,ZX85,90027,,,,UNALLOCATED,UNALLOCATED,UNALLOCATED,,,03:56,03:22,07:18,,46,00:00,18,32,4.38,0.08,50,Yes,Hitachi - AEMP 2.0,Hitachi - AEMP 2.0,Hitachi - AEMP 2.0,,,,
2023/08/14,2023/08/17,306,Hitachi ZX85USB-6 Excavator,EXCAVATOR,,HITACHI,,110175,,,,BALFOUR BEATTY CONSTRUCTION SERVICES,BALFOURB,"WOODCROFT, STOCKTON-ON-TEES",Open (Hire Continues),,06:47,01:16,08:04,,15.8,00:00,20,40,4.96,0.11,50,Yes,Hitachi - AEMP 2.0,Hitachi - AEMP 2.0,Hitachi - AEMP 2.0,,,HCMDER50T00110175,
2023/08/14,2023/08/17,307,Hitachi ZX85USB-6 Excavator,EXCAVATOR,,HITACHI,,110186,,,,A J HAWKRIDGE & SONS,HAWKRIDG,"AFTER RAILWAY BRIDGE ON LEFT, BRAFFERTON",Open (Hire Continues),,,,,,,,,,,,0,Yes,Hitachi - AEMP 2.0,Hitachi - AEMP 2.0,Hitachi - AEMP 2.0,,,HCMDER50H00110186,
2023/08/14,2023/08/17,308,Hitachi ZX85USB-6 Excavator,EXCAVATOR,,HITACHI,,3732,,,,ESH CONSTRUCTION LIMITED,LUMSDEN&,"3489 TAYLOR WIMPEY ACCESS 2, RYHOPE, BURDON FIELDS",Open (Hire Continues),,,,,,,,,,,,0,Yes,Hitachi - AEMP 2.0,Hitachi - AEMP 2.0,Hitachi - AEMP 2.0,,,HCMDER50T00110161,
2023/08/14,2023/08/17,309,HITACHI ZX85-6,OTHER,,HITACHI,,110178,,,,M G L DEMOLITION LTD,MGLDEMOL,"FRIARAGE HOSPITAL, NORTHALLERTON",Open (Hire Continues),,07:31,03:13,10:44,,30,00:00,27,62,5.77,0.16,50,Yes,Hitachi - AEMP 2.0,Hitachi - AEMP 2.0,Hitachi - AEMP 2.0,,,,
2023/08/14,2023/08/17,312,JOHN DEERE 6155R YK19 MDR,OTHER,,JOHN_DEERE,,1L06155RCJN925842,,,,EIFFAGE KIER FERROVIAL BAM JOINT VENTURE,EIFFAGEJ,"FCC WORKS, WOODHAM",Open (Hire Continues),,08:00,16:09,24:09,,66.9,00:00,60,119,4.93,0.31,100,Yes,John Deere - AEMP 2.0,John Deere - AEMP 2.0,John Deere - AEMP 2.0,,,,
2023/08/14,2023/08/17,313,Hitachi ZX210LC-6 Excavator,EXCAVATOR ,,HITACHI,,506178,,,,EIFFAGE KIER FERROVIAL BAM JOINT VENTURE,EIFFAGEJ,"GREEN LEAF NURSERY, SOUTHAM",Open (Hire Continues),,03:36,12:22,15:58,,77.5,00:00,40,119,7.45,0.31,50,Yes,Hitachi - AEMP 2.0,Hitachi - AEMP 2.0,Hitachi - AEMP 2.0,,HCMDC451A00506178,,
2023/08/14,2023/08/17,314,Komatsu d61,OTHER,,KOMATSU,,B61005,,,,RAINTON CONSTRUCTION LIMITED,RAINTONC,"SEAH WIND FARM, MIDDLESBOROUGH",Open (Hire Continues),,16:24,06:36,23:00,,28.7,00:00,58,297,12.91,0.78,75,Yes,Komatsu - AEMP 2.0,Komatsu - AEMP 2.0,Komatsu - AEMP 2.0,,,,
2023/08/14,2023/08/17,315,Hitachi ZX135USBL-6 Excavator (Rotate) GPS,EXCAVATOR,,HITACHI,,509689,,,,ESH CONSTRUCTION LIMITED,LUMSDEN&,"ESH LIVING, GROVE HILL, MIDDLESBROUGH",Open (Hire Continues),,04:54,03:06,08:00,,38.7,00:00,20,90,11.25,0.24,50,Yes,Hitachi - AEMP 2.0,Hitachi - AEMP 2.0,Hitachi - AEMP 2.0,,,HCMDAS50J00509689,
2023/08/14,2023/08/17,318,318,OTHER,,HITACHI,,60119,,,,A D PLANT HIRE LTD,ADPLANTH,"KONNECT 62, MCCLAREN CONSTRUCTION, KNOTTINGLEY",Open (Hire Continues),,,,,,,,,,,,0,Yes,Hitachi - AEMP 1.2,Hitachi - AEMP 1.2,Hitachi - AEMP 1.2,,,,
2023/08/14,2023/08/17,319,Hitachi ZX210LC-6 Excavator,OTHER,,HITACHI,,506232,,,,SWORD CONSTRUCTION UK LTD,SWORDCON,"A63 BALFOUR BEATTY PROJECT OFFICE, HULL",Unconfirmed Hire,,,,,,,,,,,,0,Yes,Hitachi - AEMP 2.0,Hitachi - AEMP 2.0,Hitachi - AEMP 2.0,,,HCMDC451L00506232,
2023/08/14,2023/08/17,320,Hitachi ZX300LC-6 Excavator GPS,EXCAVATOR,,HITACHI,,60226,,,,ESH CONSTRUCTION LIMITED,LUMSDEN&,TAYLOR WIMPEY SEAHAM OFF A182,Unconfirmed Hire,,03:26,06:18,09:44,,64.7,00:00,24,183,18.81,0.48,50,Yes,Hitachi - AEMP 2.0,Hitachi - AEMP 2.0,Hitachi - AEMP 2.0,,,HCMDDN50C00060226,
2023/08/14,2023/08/17,321,CAT CS66,COMPACTOR,,CATERPILLAR,CS66B,48700528,,,,UNALLOCATED,UNALLOCATED,UNALLOCATED,,,00:00,00:18,00:18,,100,00:00,1,3,10,0.01,100,Yes,CAT - AEMP 2.0,CAT - AEMP 2.0,CAT - AEMP 2.0,,,,
2023/08/14,2023/08/17,324,Hitachi ZX350LC-6 Long Reach Excavator 22M,EXCAVATOR,,HITACHI,,30669,,,,UNALLOCATED,UNALLOCATED,UNALLOCATED,,,05:52,03:15,09:07,,35.6,00:00,23,132,14.47,0.35,50,Yes,Hitachi - AEMP 2.0,Hitachi - AEMP 2.0,Hitachi - AEMP 2.0,,,HCMDDQ5XL00030669,
2023/08/14,2023/08/17,325,CAT CS66,COMPACTOR,,CATERPILLAR,CS66B,CATCS66BC48700588,,,,EIFFAGE KIER FERROVIAL BAM JOINT VENTURE,EIFFAGEJ,"GREATWORTH PARK, BANBURY",Open (Hire Continues),,15:00,01:18,16:18,,8,00:00,41,303,18.59,0.8,100,Yes,CAT - AEMP 2.0,CAT - AEMP 2.0,CAT - AEMP 2.0,,,,
2023/08/14,2023/08/17,336,HITACHI ZX210LCX-6,EXCAVATOR,,HITACHI,ZX210LCX-6,502056,,,,UNALLOCATED,UNALLOCATED,OTHER,,,00:00,00:00,00:00,,,00:00,0,0,0,0,0,Yes,Hitachi - AEMP 2.0,Hitachi - AEMP 2.0,Hitachi - AEMP 2.0,,,,
2023/08/14,2023/08/17,337,Hitachi zx135us-6,EXCAVATOR,,HITACHI,ZX135US-6,510837,,,,UNALLOCATED,UNALLOCATED,OTHER,,,,,,,,,,,,,0,Yes,Hitachi - AEMP 2.0,Hitachi - AEMP 2.0,Hitachi - AEMP 2.0,,,,
2023/08/14,2023/08/17,344,Hitachi ZX130LCN-6 Excavator GPS,EXCAVATOR,,HITACHI,,511003,,,,WALTERS UK LTD,WALTERSU,UNALLOCATED,,,04:49,06:50,11:40,,58.7,00:00,29,100,8.58,0.26,50,Yes,Hitachi - AEMP 2.0,Hitachi - AEMP 2.0,Hitachi - AEMP 2.0,,,HCMDAQ51K00511003,
2023/08/14,2023/08/17,358,HITACHI ZX55-6,MINI EXCAVATOR,,HITACHI,ZX55,60247,,,,BAM NUTTALL LTD,BAMNUTTA,"CALVERLEY, LOW HALL ROAD, LEEDS",Open (Hire Continues),,,,,,,,,,,,0,Yes,Hitachi - AEMP 1.2,Hitachi - AEMP 1.2,Hitachi - AEMP 1.2,,,,
2023/08/14,2023/08/17,359,Komatsu d61,OTHER,,KOMATSU,,B61160,,,,BAM NUTTALL LTD,BAMNUTTA,"CALVERLEY, LOW HALL ROAD, LEEDS",Open (Hire Continues),,17:12,05:42,22:54,,24.9,00:00,57,377,16.46,1,75,Yes,Komatsu - AEMP 2.0,Komatsu - AEMP 2.0,Komatsu - AEMP 2.0,,,,
2023/08/14,2023/08/17,366,366,EXCAVATOR,,HITACHI,ZX145W-6,30630,,,,EIFFAGE KIER FERROVIAL BAM JOINT VENTURE,EIFFAGEJ,GREATWORTH GREEN TUNNEL,Open (Hire Continues),,11:32,13:39,25:11,,54.2,00:00,63,176,6.99,0.46,75,Yes,Hitachi - AEMP 2.0,Hitachi - AEMP 2.0,Hitachi - AEMP 2.0,,,,
2023/08/14,2023/08/17,369,369,OTHER,,HITACHI,,60412,,,,UNALLOCATED,UNALLOCATED,UNALLOCATED,,,00:00,,00:00,,,00:00,0,,,,0,Yes,Hitachi - AEMP 1.2,Hitachi - AEMP 1.2,Hitachi - AEMP 1.2,,,,
2023/08/14,2023/08/17,370,JOHN DEERE 6145R YE20 AUX,OTHER,,JOHN_DEERE,,1L06145RCJN925986,,,,STUART MARLEY LTD,SMARLEY,TOFT LODGE ///MIRACLES.DARES.STAYS,Open (Hire Continues),,12:31,06:44,19:15,,35,00:00,48,198,10.29,0.52,100,Yes,John Deere - AEMP 2.0,John Deere - AEMP 2.0,John Deere - AEMP 2.0,,,,
2023/08/14,2023/08/17,371,Komatsu d61,OTHER,,KOMATSU,,B61109,,,,UNALLOCATED,UNALLOCATED,UNALLOCATED,,,25:06,06:06,31:12,,19.6,01:12,78,587,18.81,1.55,75,Yes,Komatsu - AEMP 2.0,Komatsu - AEMP 2.0,Komatsu - AEMP 2.0,,,,
2023/08/14,2023/08/17,380,CAT CS66B,COMPACTOR,,CATERPILLAR,CS66B,48700635,,,,RAINTON CONSTRUCTION LIMITED,RAINTONC,"SEAH WIND FARM, MIDDLESBOROUGH",Open (Hire Continues),,06:48,11:12,18:00,,62.2,00:00,45,99,5.5,0.26,100,Yes,CAT - AEMP 2.0,CAT - AEMP 2.0,CAT - AEMP 2.0,,,,
2023/08/14,2023/08/17,381,Hitachi ZX225US-6 Excavator,EXCAVATOR,,HITACHI,,508571,,,,UNALLOCATED,UNALLOCATED,UNALLOCATED,,,,,,,,,,,,,0,Yes,Hitachi - AEMP 2.0,Hitachi - AEMP 2.0,Hitachi - AEMP 2.0,,,HCMDFB50C00508571,
2023/08/14,2023/08/17,384,Hitaci zx145w-6,EXCAVATOR,,HITACHI,ZX145W-6,HCMLAC5ZE00030729,,,,UNALLOCATED,UNALLOCATED,EKFB,,,07:46,07:02,14:48,,47.5,00:00,37,191,12.91,0.5,50,Yes,Hitachi - AEMP 2.0,Hitachi - AEMP 2.0,Hitachi - AEMP 2.0,,,,
2023/08/14,2023/08/17,385,Takeuchi Wheeled Excvator ,EXCAVATOR,,TAKEUCHI,,190301047,,,,BALFOUR BEATTY CONSTRUCTION SERVICES,BALFOURB,"WOODCROFT, STOCKTON-ON-TEES",Open (Hire Continues),,13:46,02:28,16:14,,15.2,00:00,41,115,7.08,0.3,100,Yes,Plant & Vehicle Services,Plant & Vehicle Services,Plant & Vehicle Services,,,,
2023/08/14,2023/08/17,395,Tb295w,OTHER,,TAKEUCHI,,190400762,,,,UNALLOCATED,UNALLOCATED,UNALLOCATED,,,26:00,,26:00,,,01:18,65,108,4.15,0.29,75,Yes,Takeuchi,Takeuchi,Takeuchi,,,,
2023/08/14,2023/08/17,398,Zx55u,EXCAVATOR,,HITACHI,Zx55u,HCMAEQ50T00060859,2021,Diesel,Stage IV,ESH CONSTRUCTION LIMITED,LUMSDEN&,"NEW COLLEGE DURHAM, DURHAM",Open (Hire Continues),,03:44,01:31,05:15,76:23,28.7,00:00,13,,,,100,Yes,MaxTracker 350544506381196,MaxTracker 350544506381196,,OWNED,,,
2023/08/14,2023/08/17,399,HITACHI ZX85-6,OTHER,,HITACHI,,HCMDER50C00110859,,,,KIER INTEGRATED SERVICES LTD,KIERINTE,"A422 BRACKLEY ROAD, WESTBURY",Open (Hire Continues),,08:49,04:10,12:59,,32,00:00,32,78,6.01,0.21,75,Yes,Hitachi - AEMP 2.0,Hitachi - AEMP 2.0,Hitachi - AEMP 2.0,,,,
2023/08/14,2023/08/17,400,400,OTHER,,HITACHI,,HCMJAG53E00061179,,,,BUCKINGHAM GROUP CONTRACTING LTD,BUCKINGH,"UNIT 1, KETTERING",Open (Hire Continues),,13:49,04:52,18:41,,26.1,00:00,47,884,47.32,2.33,50,Yes,Hitachi - AEMP 2.0,Hitachi - AEMP 2.0,Hitachi - AEMP 2.0,,,,
2023/08/14,2023/08/17,401,Hitachi ZX85USB-6 Excavator XW4,EXCAVATOR,,HITACHI,,HCMDER50C00110828,,,,EIFFAGE KIER FERROVIAL BAM JOINT VENTURE,EIFFAGEJ,A4222 BRACKLEY ROAD OVERBRIDGE (SOUTH),Open (Hire Continues),,00:37,06:18,06:55,,91.2,00:00,17,27,3.91,0.07,50,Yes,Hitachi - AEMP 2.0,Hitachi - AEMP 2.0,Hitachi - AEMP 2.0,,,,
2023/08/14,2023/08/17,402,Hitachi ZX135US-6 Excavator (Rotate),EXCAVATOR,,HITACHI,,HCMDAS50A00513018,,,,ESH CONSTRUCTION LIMITED,LUMSDEN&,"PELTON FELL, TAYLOR WIMPEY",Full Off Hire,,,,,,,,,,,,0,Yes,Hitachi - AEMP 2.0,Hitachi - AEMP 2.0,Hitachi - AEMP 2.0,,,,
2023/08/14,2023/08/17,403,Hitachi ZX135US-6 Excavator (Rotate),EXCAVATOR,,HITACHI,,HCMDAS50P00513030,,,,ESH CONSTRUCTION LIMITED,LUMSDEN&,"ACCESS 2, RYHOPE",Open (Hire Continues),,08:09,01:56,10:05,,19.1,00:00,25,196,19.44,0.52,50,Yes,Hitachi - AEMP 2.0,Hitachi - AEMP 2.0,Hitachi - AEMP 2.0,,,,
2023/08/14,2023/08/17,404,Hitachi ZX135USB-6 Excavator c/w Blade (Rotate),EXCAVATOR,,HITACHI,,HCMDAS50H00514768,,,,RAINTON CONSTRUCTION LIMITED,RAINTONC,"HILLTHORNE BUSINESS PARK, WASHINGTON",Unconfirmed Hire,,00:27,00:18,00:45,,40,00:00,2,6,8,0.02,50,Yes,Hitachi - AEMP 2.0,Hitachi - AEMP 2.0,Hitachi - AEMP 2.0,,,,
2023/08/14,2023/08/17,405,Hitachi ZX225US-6 Excavator GPS XW4,EXCAVATOR,,HITACHI,ZX225,HCMDFB50K00509711,,,,UNALLOCATED,UNALLOCATED,EKFB,,,04:10,05:16,09:25,,55.8,00:00,24,95,10.08,0.25,25,Yes,Hitachi - AEMP 2.0,Hitachi - AEMP 2.0,Hitachi - AEMP 2.0,,,,
2023/08/14,2023/08/17,406,HITACHI ZX300-7,OTHER,,HITACHI,,HCMDD650P00080033,,,,FT PIPELINE SYSTEMS LTD,FTPIPELI,IMMINGHAM DOCKS,Open (Hire Continues),,06:53,09:58,16:51,,59.2,00:00,42,181,10.74,0.48,50,Yes,Hitachi - AEMP 2.0,Hitachi - AEMP 2.0,Hitachi - AEMP 2.0,,,,
2023/08/14,2023/08/17,407,9t dumper  ,DUMP_TRUCK_DUMPER,9.0,THWAITES,Thwaites,F1533,2020,Diesel,Stage V,T C C PLANT LTD,TCCPLANT,SEAH WINDFARM,Open (Hire Continues),,,,,,,,,,,,0,Yes,MaxTracker 350544506390866,MaxTracker 350544506390866,,OWNED,,,
2023/08/14,2023/08/17,408,9T CABBED DUMPER,DUMP_TRUCK_DUMPER,,THWAITES,9T ,F1534,2020,,,UNALLOCATED,UNALLOCATED,UNALLOCATED,,,,,,,,,,,,,0,Yes,MaxTracker 350544506421919,MaxTracker 350544506421919,,OWNED,POTTER PLANT,,
2023/08/14,2023/08/17,412,Takeuchi Wheeled Excavator,EXCAVATOR,,TAKEUCHI,,190401068,,,,BALFOUR BEATTY CONSTRUCTION SERVICES,BALFOURB,"A63 WELLINGTON STREET COMPOUND, HULL",Open (Hire Continues),,15:12,,15:12,,,00:00,38,115,7.57,0.3,75,Yes,Takeuchi,Takeuchi,Takeuchi,,,,
2023/08/14,2023/08/17,415,Hitachi ZX135USB-6 Excavator,EXCAVATOR,,HITACHI,,HCMDAS50H00515029,,,,UNALLOCATED,UNALLOCATED,UNALLOCATED,,,,,,,,,,,,,0,Yes,Hitachi - AEMP 2.0,Hitachi - AEMP 2.0,Hitachi - AEMP 2.0,,,,
2023/08/14,2023/08/17,416,Hitachi ZX135USB-6 Excavator,EXCAVATOR,,HITACHI,,HCMDER50K00111006,,,,UNALLOCATED,UNALLOCATED,EKFB,,,00:00,00:00,00:00,,,00:00,0,6,0,0.02,0,Yes,Hitachi - AEMP 2.0,Hitachi - AEMP 2.0,Hitachi - AEMP 2.0,,,,
2023/08/14,2023/08/17,417,Hitachi ZX135USB-6 Excavator,EXCAVATOR,,HITACHI,,HCMDER50P00111005,,,,EIFFAGE KIER FERROVIAL BAM JOINT VENTURE,EIFFAGEJ,A422 BRACKLEY ROAD OVERBRIDGE,Open (Hire Continues),,07:14,05:50,13:04,,44.6,00:00,33,119,9.1,0.31,50,Yes,Hitachi - AEMP 2.0,Hitachi - AEMP 2.0,Hitachi - AEMP 2.0,,,,
2023/08/14,2023/08/17,418,Hitachi ZX135USB-6 Excavator,EXCAVATOR,,HITACHI,,HCMDAS50E00513508,,,,ESH CONSTRUCTION LIMITED,LUMSDEN&,"MILLER HOMES, ESTON, MIDDLESBOROUGH",Open (Hire Continues),,04:58,01:42,06:40,,25.5,00:00,17,84,12.59,0.22,50,Yes,Hitachi - AEMP 2.0,Hitachi - AEMP 2.0,Hitachi - AEMP 2.0,,,,
2023/08/14,2023/08/17,419,Hitachi ZX135US-6 Excavator,EXCAVATOR,,HITACHI,,HCMDAS50H00513376,,,,RAINTON CONSTRUCTION LIMITED,RAINTONC,"AVANT HOMES, SUNDERLAND",Open (Hire Continues),,06:50,10:38,17:29,,60.9,00:00,44,116,6.64,0.31,50,Yes,Hitachi - AEMP 2.0,Hitachi - AEMP 2.0,Hitachi - AEMP 2.0,,,,
2023/08/14,2023/08/17,420,Hitachi ZX225US-6 Excavator XW 4,EXCAVATOR,,HITACHI,,HCMDFB50P00509769,,,,EIFFAGE KIER FERROVIAL BAM JOINT VENTURE,EIFFAGEJ,WENDOVER GREEN TUNNEL,Open (Hire Continues),,,,,,,,,,,,0,Yes,Hitachi - AEMP 2.0,Hitachi - AEMP 2.0,Hitachi - AEMP 2.0,,,,
2023/08/14,2023/08/17,421,WACKER NEUSON DW30,DUMPER,,WACKERNEUSON,DW30,WNCD2502JPAL00485,,Diesel,Stage V,BALFOUR BEATTY CONSTRUCTION SERVICES,BALFOURB,"WOODCROFT, STOCKTON-ON-TEES",Open (Hire Continues),,02:06,00:00,02:06,,0,00:00,5,,,,100,Yes,Trackunit - AEMP 2.0,Trackunit - AEMP 2.0,Trackunit - AEMP 2.0,,,,
2023/08/14,2023/08/17,422,422,OTHER,,CATERPILLAR,,CAT00313PNFZ00412,,,,ESH CONSTRUCTION LIMITED,LUMSDEN&,"3576 CHOPPINGTON ROAD, BEDLINGTON",Open (Hire Continues),,12:12,05:18,17:30,,30.3,00:00,44,131,7.49,0.35,100,Yes,CAT - AEMP 2.0,CAT - AEMP 2.0,CAT - AEMP 2.0,,,,
2023/08/14,2023/08/17,423,423,OTHER,,CATERPILLAR,,CAT00313KNFZ00413,,,,ESH CONSTRUCTION LIMITED,LUMSDEN&,"CELL A, TW BRUNSON RISE, NEWCASTLE",Full Off Hire,,00:00,00:00,00:00,,,00:00,0,0,0,0,75,Yes,CAT - AEMP 2.0,CAT - AEMP 2.0,CAT - AEMP 2.0,,,,
2023/08/14,2023/08/17,427,427,OTHER,,CATERPILLAR,,CAT00313CNFZ00407,,,,UNALLOCATED,UNALLOCATED,UNALLOCATED,,,00:00,00:00,00:00,,,00:00,0,0,0,0,75,Yes,CAT - AEMP 2.0,CAT - AEMP 2.0,CAT - AEMP 2.0,,,,
2023/08/14,2023/08/17,428,BELL B30E,ADT,,BELL,B30E,B93A631EJ03009731,,Diesel,,G R POTTER CONTRACTS LTD,POTTERC1,"ARCOT HALL, CRAMLINGTON",Open (Hire Continues),,06:18,09:00,15:18,,58.8,00:00,38,280,18.3,0.74,75,Yes,Bell - AEMP 2.0,Bell - AEMP 2.0,Bell - AEMP 2.0,,,,
2023/08/14,2023/08/17,429,BELL B30E,ADT,,BELL,B30E,B93A631ET03009725,,Diesel,Stage V,T C C PLANT LTD,TCCPLANT,P D PORTS ENTRANCE ///HOMES.SEASON.HEAVY,Open (Hire Continues),,03:36,21:12,24:48,,85.5,00:00,62,128,5.16,0.34,75,Yes,Bell - AEMP 2.0,Bell - AEMP 2.0,Bell - AEMP 2.0,,,,
2023/08/14,2023/08/17,433,CAT CS66B,COMPACTOR,,CATERPILLAR,CS66B,48700711,,,,EIFFAGE KIER FERROVIAL BAM JOINT VENTURE,EIFFAGEJ,"FCC WORKS, WOODHAM",Open (Hire Continues),,02:30,02:00,04:30,,44.4,00:00,11,56,12.44,0.15,100,Yes,CAT - AEMP 2.0,CAT - AEMP 2.0,CAT - AEMP 2.0,,,,
2023/08/14,2023/08/17,434,CAT CS66B,COMPACTOR,,CATERPILLAR,CS66B,48700712,,,,EIFFAGE KIER FERROVIAL BAM JOINT VENTURE,EIFFAGEJ,"FCC WORKS, WOODHAM",Open (Hire Continues),,07:24,00:42,08:06,,8.6,00:00,20,136,16.79,0.36,100,Yes,CAT - AEMP 2.0,CAT - AEMP 2.0,CAT - AEMP 2.0,,,,
2023/08/14,2023/08/17,435,Hitachi ZX135US-6 Excavator (PB),EXCAVATOR,,HITACHI,,HCMDAS50K00515720,,,,UNALLOCATED,UNALLOCATED,UNALLOCATED,,,,,,,,,,,,,0,Yes,Hitachi - AEMP 2.0,Hitachi - AEMP 2.0,Hitachi - AEMP 2.0,,,,
2023/08/14,2023/08/17,436,HITACHI ZX55-6,OTHER,,HITACHI,,HCMAEQ50H00060873,,,,BALFOUR BEATTY CONSTRUCTION SERVICES,BALFOURB,"SITE OFFICES, WORSBOROUGH BRIDGE, BARNSLEY",Open (Hire Continues),,,,,,,,,,,,0,Yes,Hitachi - AEMP 1.2,Hitachi - AEMP 1.2,Hitachi - AEMP 1.2,,,,
2023/08/14,2023/08/17,437,HITACHI ZX55-6,OTHER,,HITACHI,,HCMAEQ50C00060861,,,,BALFOUR BEATTY CONSTRUCTION SERVICES,BALFOURB,"WOODCROFT, STOCKTON-ON-TEES",Open (Hire Continues),,,,,,,,,,,,0,Yes,Hitachi - AEMP 1.2,Hitachi - AEMP 1.2,Hitachi - AEMP 1.2,,,,
2023/08/14,2023/08/17,438,Hitachi ZX135US-6 Excavator (PB),EXCAVATOR,,HITACHI,ZX135,HCMDAS50A00513925,,,,UNALLOCATED,UNALLOCATED,UNALLOCATED,,,,,,,,,,,,,0,Yes,Hitachi - AEMP 2.0,Hitachi - AEMP 2.0,Hitachi - AEMP 2.0,,,,
2023/08/14,2023/08/17,439,Hitachi ZX135USBL-6 Excavator c/w Blade (PB),EXCAVATOR,,HITACHI,,HCMDAS50H00515385,,,,ESH CONSTRUCTION LIMITED,LUMSDEN&,"NEW COLLEGE DURHAM, DURHAM",Full Off Hire,,06:15,07:27,13:42,,54.4,00:00,34,142,10.36,0.37,50,Yes,Hitachi - AEMP 2.0,Hitachi - AEMP 2.0,Hitachi - AEMP 2.0,,,,
2023/08/14,2023/08/17,440,HITACHI ZX300--7,EXCAVATOR,,HITACHI,ZX300,HCMDD650P00080095,,,,FT PIPELINE SYSTEMS LTD,FTPIPELI,IMMINGHAM DOCKS,Open (Hire Continues),,10:22,08:50,19:12,,46,00:21,48,247,12.86,0.65,50,Yes,Hitachi - AEMP 2.0,Hitachi - AEMP 2.0,Hitachi - AEMP 2.0,,,,
2023/08/14,2023/08/17,441,Hitachi ZX135US-6 Excavator (PB),EXCAVATOR,,HITACHI,,HCMDAS50A00515710,,,,UNALLOCATED,UNALLOCATED,UNALLOCATED,,,,,,,,,,,,,0,Yes,Hitachi - AEMP 2.0,Hitachi - AEMP 2.0,Hitachi - AEMP 2.0,,,,
2023/08/14,2023/08/17,451,KOBELCO SK210,OTHER,,KOBELCO,,WB03005046,,,,BALFOUR BEATTY CONSTRUCTION SERVICES,BALFOURB,"A63 WELLINGTON STREET COMPOUND, HULL",Open (Hire Continues),,13:03,03:57,17:00,,23.2,00:00,43,212,12.47,0.56,75,Yes,Kobelco - AEMP 2.0,Kobelco - AEMP 2.0,Kobelco - AEMP 2.0,,,,
2023/08/14,2023/08/17,453,CAT 308,MIDI EXCAVATOR,,CATERPILLAR,308CR,GW802161,,,,UNALLOCATED,UNALLOCATED,UNALLOCATED,,,00:12,00:12,00:24,,50,00:00,1,1,2.5,0,100,Yes,CAT - AEMP 2.0,CAT - AEMP 2.0,CAT - AEMP 2.0,,,,
2023/08/14,2023/08/17,454,CAT 308,MIDI EXCAVATOR,,CATERPILLAR,308CR,GW802169,,,,UNALLOCATED,UNALLOCATED,UNALLOCATED,,,01:06,04:00,05:06,,78.4,00:00,13,13,2.55,0.03,100,Yes,CAT - AEMP 2.0,CAT - AEMP 2.0,CAT - AEMP 2.0,,,,
2023/08/14,2023/08/17,455,Hitachi ZX85USB-6 Excavator,EXCAVATOR,,HITACHI,,HCMDER50K00111331,,,,UNALLOCATED,UNALLOCATED,UNALLOCATED,,,05:08,02:01,07:09,,28.3,00:00,18,34,4.76,0.09,50,Yes,Hitachi - AEMP 2.0,Hitachi - AEMP 2.0,Hitachi - AEMP 2.0,,,,
2023/08/14,2023/08/17,458,Hitachi ZX85USB-6 Excavator,EXCAVATOR,,HITACHI,,HCMDER50V00111320,,,,UNALLOCATED,UNALLOCATED,UNALLOCATED,,,03:07,05:26,08:32,,63.6,00:00,21,36,4.22,0.1,50,Yes,Hitachi - AEMP 2.0,Hitachi - AEMP 2.0,Hitachi - AEMP 2.0,,,,
2023/08/14,2023/08/17,462,HYDREMA 912GMT 14922,DUMPER,,HYDREMA,912GMT,14922,,Diesel,Stage V,EIFFAGE KIER FERROVIAL BAM JOINT VENTURE,EIFFAGEJ,"FCC WORKS, WOODHAM",Open (Hire Continues),,21:18,00:00,21:18,,0,00:00,53,144,6.76,0.38,100,Yes,Trackunit - AEMP 2.0,Trackunit - AEMP 2.0,Trackunit - AEMP 2.0,,,,
2023/08/14,2023/08/17,463,HYDREMA 912G 14911,DUMPER,,HYDREMA,912G,14911,,Diesel,Stage V,EIFFAGE KIER FERROVIAL BAM JOINT VENTURE,EIFFAGEJ,BRACKLEY SOUTHCUTTING COMPOUND,Open (Hire Continues),,05:15,02:12,07:27,,29.5,00:00,19,44,5.91,0.12,100,Yes,Trackunit - AEMP 2.0,Trackunit - AEMP 2.0,Trackunit - AEMP 2.0,,,,
2023/08/14,2023/08/17,464,464,DOZER,,CATERPILLAR,D5 LGP,RG901070,,,,EIFFAGE KIER FERROVIAL BAM JOINT VENTURE,EIFFAGEJ,"GREATWORTH PARK, BANBURY",Open (Hire Continues),,18:42,06:42,25:24,,26.4,04:18,64,247,9.72,0.65,100,Yes,CAT - AEMP 2.0,CAT - AEMP 2.0,CAT - AEMP 2.0,,,,
2023/08/14,2023/08/17,465,CAT D5,DOZER,,CATERPILLAR,D5 LGP,CAT000D5PRG901068,,,,EIFFAGE KIER FERROVIAL BAM JOINT VENTURE,EIFFAGEJ,"FCC WORKS, WOODHAM",Open (Hire Continues),,,,,,,,,,,,0,Yes,CAT - AEMP 2.0,CAT - AEMP 2.0,CAT - AEMP 2.0,,,,
2023/08/14,2023/08/17,472,HYDREMA 912GMT 14921,DUMPER,,HYDREMA,912GMT,14921,,Diesel,Stage V,WALTERS UK LTD,WALTERSU,"COSTAIN ALLERDENE COMPOUND, GATESHEAD (A1 BIRTLEY)",Open (Hire Continues),,09:30,00:45,10:15,,7.3,00:00,26,26,2.54,0.07,100,Yes,Trackunit - AEMP 2.0,Trackunit - AEMP 2.0,Trackunit - AEMP 2.0,,,,
2023/08/14,2023/08/17,473,HYDREMA 912G 14920 ,DUMPER,,HYDREMA,912G,14920,,Diesel,Stage V,EIFFAGE KIER FERROVIAL BAM JOINT VENTURE,EIFFAGEJ,A423 BANBURY ROAD OVERBRIDGE COMPOUND,Open (Hire Continues),,22:10,00:11,22:21,,0.8,00:00,56,93,4.16,0.25,100,Yes,Trackunit - AEMP 2.0,Trackunit - AEMP 2.0,Trackunit - AEMP 2.0,,,,
2023/08/14,2023/08/17,474,Hitachi ZX135USBL-7 Excavator  XW4,EXCAVATOR,,HITACHI,,HCMDA450H00095218,,,,BAM NUTTALL LTD,BAMNUTTA,"A19 SHIPTON ROAD, YORK (CLIFTON INGS)",Open (Hire Continues),,06:39,01:54,08:33,,22.2,00:00,21,166,19.42,0.44,25,Yes,Hitachi - AEMP 2.0,Hitachi - AEMP 2.0,Hitachi - AEMP 2.0,,,,
2023/08/14,2023/08/17,475,CAT D2,DOZER,,CATERPILLAR,D2 LGP,XKR00287,,,,UNALLOCATED,UNALLOCATED,UNALLOCATED,,,,,,,,,,,,,0,Yes,CAT - AEMP 2.0,CAT - AEMP 2.0,CAT - AEMP 2.0,,,,
2023/08/14,2023/08/17,476,CAT D2 ,DOZER,,CATERPILLAR,D2 LGP,CAT000D2CXKR00288,,,,BUCKINGHAM GROUP CONTRACTING LTD,BUCKINGH,UNALLOCATED,,,00:06,00:00,00:06,,0,00:00,0,0,0,0,100,Yes,CAT - AEMP 2.0,CAT - AEMP 2.0,CAT - AEMP 2.0,,,,
2023/08/14,2023/08/17,477,CAT 336,EXCAVATOR,,CATERPILLAR,336,CAT00336EJHD10120,,,,BAM NUTTALL LTD,BAMNUTTA,"CALVERLEY, LOW HALL ROAD, LEEDS",Open (Hire Continues),,16:00,10:18,26:18,,39.2,00:00,66,476,18.1,1.26,100,Yes,CAT - AEMP 2.0,CAT - AEMP 2.0,CAT - AEMP 2.0,,,,
2023/08/14,2023/08/17,478,CAT 330,EXCAVATOR,,CATERPILLAR,330,CAT00330CWCH20319,,,,BAM NUTTALL LTD,BAMNUTTA,"CALVERLEY, LOW HALL ROAD, LEEDS",Open (Hire Continues),,10:54,20:48,31:42,,65.6,00:18,79,304,9.59,0.8,100,Yes,CAT - AEMP 2.0,CAT - AEMP 2.0,CAT - AEMP 2.0,,,,
2023/08/14,2023/08/17,479,CAT 336,EXCAVATOR,,CATERPILLAR,336,CAT00336CJHD10118,,,,NORTH WEST MARINE LTD,NOR001,"GOUTHWAITE RESERVOIR, HARROGATE",Open (Hire Continues),,04:36,17:12,21:48,,78.9,00:00,54,139,6.38,0.37,100,Yes,CAT - AEMP 2.0,CAT - AEMP 2.0,CAT - AEMP 2.0,,,,
2023/08/14,2023/08/17,480,CAT D3,DOZER,,CATERPILLAR,D3 LGP,CAT000D3AXKY01021,,,,BAM NUTTALL LTD,BAMNUTTA,"A19 SHIPTON ROAD, YORK (CLIFTON INGS)",Open (Hire Continues),,10:12,02:48,13:00,,21.5,00:00,33,134,10.31,0.35,100,Yes,CAT - AEMP 2.0,CAT - AEMP 2.0,CAT - AEMP 2.0,,,,
2023/08/14,2023/08/17,481,CAT CS66B,COMPACTOR,,CATERPILLAR,CS66B,D6600105,,,,EIFFAGE KIER FERROVIAL BAM JOINT VENTURE,EIFFAGEJ,"STATION ROAD COMPOUND, QUAINTON",Open (Hire Continues),,02:54,00:48,03:42,,21.6,00:00,9,45,12.16,0.12,75,Yes,CAT - AEMP 2.0,CAT - AEMP 2.0,CAT - AEMP 2.0,,,,
2023/08/14,2023/08/17,482,CAT CS66B,COMPACTOR,,CATERPILLAR,CS66B,D6600103,,,,EIFFAGE KIER FERROVIAL BAM JOINT VENTURE,EIFFAGEJ,A4421 BUCKINGHAM ROAD OVERBRIDGE,Open (Hire Continues),,06:30,09:06,15:36,,58.3,00:00,39,110,7.05,0.29,100,Yes,CAT - AEMP 2.0,CAT - AEMP 2.0,CAT - AEMP 2.0,,,,
2023/08/14,2023/08/17,483,CAT D3,DOZER,,CATERPILLAR,D3 LGP,XKY01022,,,,UNALLOCATED,UNALLOCATED,UNALLOCATED,,,00:00,00:00,00:00,,,00:00,0,0,0,0,100,Yes,CAT - AEMP 2.0,CAT - AEMP 2.0,CAT - AEMP 2.0,,,,
2023/08/14,2023/08/17,484,BELL B20E,ADT,,BELL,B30E,B93A620EP03009995,,Diesel,,ESH CONSTRUCTION LIMITED,LUMSDEN&,"TAYLOR WIMPEY, SEDGEFIELD",Open (Hire Continues),,03:18,10:36,13:54,,76.3,00:00,35,108,7.77,0.29,75,Yes,Bell - AEMP 2.0,Bell - AEMP 2.0,Bell - AEMP 2.0,,,,
2023/08/14,2023/08/17,485,BELL B20E,ADT,,BELL,B30E,B93A620EV03009985,,Diesel,Stage V,EIFFAGE KIER FERROVIAL BAM JOINT VENTURE,EIFFAGEJ,"STATION ROAD COMPOUND, QUAINTON",Open (Hire Continues),,03:24,08:00,11:24,,70.2,00:00,29,62,5.44,0.16,75,Yes,Bell - AEMP 2.0,Bell - AEMP 2.0,Bell - AEMP 2.0,,,,
2023/08/14,2023/08/17,486,CAT D5,DOZER,,CATERPILLAR,D5 LGP,RG901104,,,,EIFFAGE KIER FERROVIAL BAM JOINT VENTURE,EIFFAGEJ,A423 BANBURY ROAD OVERBRIDGE COMPOUND,Full Off Hire,,,,,,,,,,,,0,Yes,CAT - AEMP 2.0,CAT - AEMP 2.0,CAT - AEMP 2.0,,,,
2023/08/14,2023/08/17,487,CAT 320,EXCAVATOR,,CATERPILLAR,320,MYK11196,,,,UNALLOCATED,UNALLOCATED,UNALLOCATED,,,05:30,06:30,12:00,,54.2,00:00,30,107,8.92,0.28,100,Yes,CAT - AEMP 2.0,CAT - AEMP 2.0,CAT - AEMP 2.0,,,,
2023/08/14,2023/08/17,488,CAT 320,EXCAVATOR ,,CATERPILLAR,320,0MYK11203,,,,BAM NUTTALL LTD,BAMNUTTA,"CALVERLEY, LOW HALL ROAD, LEEDS",Open (Hire Continues),,08:24,10:54,19:18,,56.5,00:00,48,159,8.24,0.42,100,Yes,CAT - AEMP 2.0,CAT - AEMP 2.0,CAT - AEMP 2.0,,,,
2023/08/14,2023/08/17,489,CAT 320 ,EXCAVATOR,,CATERPILLAR,320,CMYK11202,,,,UNALLOCATED,UNALLOCATED,UNALLOCATED,,,07:12,09:36,16:48,,57.1,00:00,42,149,8.87,0.39,100,Yes,CAT - AEMP 2.0,CAT - AEMP 2.0,CAT - AEMP 2.0,,,,
2023/08/14,2023/08/17,490,CAT 320,EXCAVATOR,,CATERPILLAR,320,0MYK11210,,,,J N BENTLEY LTD,BENTLEY,"JNB EAST COMPOUND, WEETON, HULL",Open (Hire Continues),,22:54,08:12,31:06,,26.4,00:00,78,366,11.77,0.97,100,Yes,CAT - AEMP 2.0,CAT - AEMP 2.0,CAT - AEMP 2.0,,,,
2023/08/14,2023/08/17,491,"Hitachi ZX135USBL-7 Excavator (Rotate) GPS,X Watch 4",EXCAVATOR,,HITACHI,,HCMDA450E00095415,,,,UNALLOCATED,UNALLOCATED,EKFB,,,,,,,,,,,,,0,Yes,Hitachi - AEMP 2.0,Hitachi - AEMP 2.0,Hitachi - AEMP 2.0,,,,
2023/08/14,2023/08/17,492,KOBELCO SK130,OTHER,,KOBELCO,,LP10030391,,,,ESH CONSTRUCTION LIMITED,LUMSDEN&,"MILLER HOMES, PRIORY GARDENS, CORBRIDGE",Open (Hire Continues),,07:11,05:49,13:00,,44.8,00:00,33,82,6.31,0.22,75,Yes,Kobelco - AEMP 2.0,Kobelco - AEMP 2.0,Kobelco - AEMP 2.0,,,,
2023/08/14,2023/08/17,493,KOBELCO SK130,OTHER,,KOBELCO,,LP10030414,,,,ALWOODLEY CIVILS LTD,ALW001,"MCCLAREN CONSTRUCTION, SHERBURN-IN-ELMET",Open (Hire Continues),,09:54,05:06,15:00,,34,00:00,38,112,7.47,0.3,75,Yes,Kobelco - AEMP 2.0,Kobelco - AEMP 2.0,Kobelco - AEMP 2.0,,,,
2023/08/14,2023/08/17,494,KOBELCO SK130,OTHER,,KOBELCO,,LP10030545,,,,UNALLOCATED,UNALLOCATED,UNALLOCATED,,,00:00,00:00,00:00,,,00:00,0,0,0,0,50,Yes,Kobelco - AEMP 2.0,Kobelco - AEMP 2.0,Kobelco - AEMP 2.0,,,,
2023/08/14,2023/08/17,495,JOHN DEERE 6195M YL21 ECV,OTHER,,JOHN_DEERE,,1L06195MJMK113349,,,,EIFFAGE KIER FERROVIAL BAM JOINT VENTURE,EIFFAGEJ,WENDOVER GREEN TUNNEL,Open (Hire Continues),,20:29,01:46,22:15,,7.9,00:00,56,207,9.3,0.55,100,Yes,John Deere - AEMP 2.0,John Deere - AEMP 2.0,John Deere - AEMP 2.0,,,,
2023/08/14,2023/08/17,497,Hitachi ZX175W-7 Wheeled Excavator,EXCAVATOR,,HITACHI,,HCMLBR5ZK00300032,,,,EIFFAGE KIER FERROVIAL BAM JOINT VENTURE,EIFFAGEJ,GREATWORTH PARK,Open (Hire Continues),,06:49,11:08,17:57,,62.1,00:00,45,159,8.86,0.42,50,Yes,Hitachi - AEMP 2.0,Hitachi - AEMP 2.0,Hitachi - AEMP 2.0,,,,
2023/08/14,2023/08/17,498,DV60 DUEL VIEW ,DUMPER,,WACKERNEUSON,DV60,WNCD2401JPAL01628,,Diesel,Stage V,HEWITSON LTD,HEWITSO1,COLLECTED,Unconfirmed Hire,,00:19,00:11,00:30,,36,00:00,1,,,,100,Yes,Trackunit - AEMP 2.0,Trackunit - AEMP 2.0,Trackunit - AEMP 2.0,,,,
2023/08/14,2023/08/17,499,DV90 DUEL VIEW,DUMPER,,WACKERNEUSON,DV90,WNCD2402EPAL01414,,Diesel,Stage V,EIFFAGE KIER FERROVIAL BAM JOINT VENTURE,EIFFAGEJ,A41 BISTER ROAD C,Open (Hire Continues),,04:06,00:54,05:00,,18,00:00,13,,,,100,Yes,Trackunit - AEMP 2.0,Trackunit - AEMP 2.0,Trackunit - AEMP 2.0,,,,
2023/08/14,2023/08/17,500,DV90 DUEL VIEW,DUMPER,,WACKERNEUSON,DV90,WNCD2402KPAL01242,,Diesel,Stage V,UNALLOCATED,UNALLOCATED,UNALLOCATED,,,,,,,,,,,,,0,Yes,Trackunit - AEMP 2.0,Trackunit - AEMP 2.0,Trackunit - AEMP 2.0,,,,
2023/08/14,2023/08/17,501,CAT D6,CAT D6,,CATERPILLAR,D6 LGP,CAT000D6CGZ901076,,,,J N BENTLEY LTD,BENTLEY,"JNB EAST COMPOUND, WEETON, HULL",Open (Hire Continues),,26:06,01:30,27:36,,5.4,00:00,69,822,29.78,2.17,100,Yes,CAT - AEMP 2.0,CAT - AEMP 2.0,CAT - AEMP 2.0,,,,
2023/08/14,2023/08/17,502,B93A631EA03010107,ADT,,BELL,B30E,B93A631EA03010107,,Diesel,Stage V,UNALLOCATED,UNALLOCATED,UNALLOCATED,,,,,,,,,,,,,0,Yes,Bell - AEMP 2.0,Bell - AEMP 2.0,Bell - AEMP 2.0,,,,
2023/08/14,2023/08/17,503,BELL B30E,ADT,,BELL,B30E,B93A631EA030101110,,Diesel,,UNALLOCATED,UNALLOCATED,UNALLOCATED,,,,,,,,,,,,,0,Yes,Bell - AEMP 2.0,Bell - AEMP 2.0,Bell - AEMP 2.0,,,,
2023/08/14,2023/08/17,504,9t duel view,DUMPER,,WACKERNEUSON,DV90,WNCD2402EPAL01482,,Diesel,Stage V,BAM NUTTALL LTD,BAMNUTTA,"CALVERLEY, LOW HALL ROAD, LEEDS",Open (Hire Continues),,02:51,04:42,07:33,,62.3,00:00,19,,,,100,Yes,Trackunit - AEMP 2.0,Trackunit - AEMP 2.0,Trackunit - AEMP 2.0,,,,
2023/08/14,2023/08/17,505,Hitachi ZX225US-7 Excavator XW 4,EXCAVATOR,,HITACHI,,HCMDF150K00500663,,,,UNALLOCATED,UNALLOCATED,UNALLOCATED,,,00:43,04:02,04:45,,84.8,00:00,12,31,6.53,0.08,25,Yes,Hitachi - AEMP 2.0,Hitachi - AEMP 2.0,Hitachi - AEMP 2.0,,,,
2023/08/14,2023/08/17,506,Hitachi ZX225US-7 Excavator XW 4,EXCAVATOR,,HITACHI,,HCMDF150A00500653,,,,MISCELLANEOUS HIRE ACCOUNT,MSCGP,"HARTE CIVIL ENGINEERING, NORTHALLERTON",Unconfirmed Hire,,00:00,00:00,00:00,,,00:00,0,48,0,0.13,0,Yes,Hitachi - AEMP 2.0,Hitachi - AEMP 2.0,Hitachi - AEMP 2.0,,,,
2023/08/14,2023/08/17,507,CAT D6,DOZER,,CATERPILLAR,D6LGP,CAT000D6CGZ901075,,,,J N BENTLEY LTD,BENTLEY,"JNB EAST COMPOUND, WEETON, HULL",Open (Hire Continues),,30:24,02:30,32:54,,7.6,01:06,82,691,21,1.82,100,Yes,CAT - AEMP 2.0,CAT - AEMP 2.0,CAT - AEMP 2.0,,,,
2023/08/14,2023/08/17,509,CAT D6,DOZER,,CATERPILLAR,D6XE,WGY01015,,,,UNALLOCATED,UNALLOCATED,UNALLOCATED,,,00:36,00:30,01:06,,45.5,00:00,3,7,6.36,0.02,100,Yes,CAT - AEMP 2.0,CAT - AEMP 2.0,CAT - AEMP 2.0,,,,
2023/08/14,2023/08/17,510,DV90 DUEL VIEW,DUMPER,,WACKERNEUSON,DV90,WNCD2402HPAL01492,,Diesel,Stage V,INDEPTH CIVIL ENGINEERING LTD,INDEPTHC,"BLACKBURN MEADOWS POWER STATION, SHEFFIELD",Unconfirmed Hire,,00:13,00:05,00:18,,26.7,00:00,1,,,,100,Yes,Trackunit - AEMP 2.0,Trackunit - AEMP 2.0,Trackunit - AEMP 2.0,,,,
2023/08/14,2023/08/17,511,DV90 DUEL VIEW,DUMPER,,WACKERNEUSON,DV90,WNCD2402LPAL01569,,Diesel,Stage V,UNALLOCATED,UNALLOCATED,UNALLOCATED,,,03:20,01:22,04:42,,28.9,00:00,12,,,,100,Yes,Trackunit - AEMP 2.0,Trackunit - AEMP 2.0,Trackunit - AEMP 2.0,,,,
2023/08/14,2023/08/17,512,Hitachi ZX135USBL-7 XW4 (Rotate),EXCAVATOR,,HITACHI,,HCMDA450E00095933,,,,EIFFAGE KIER FERROVIAL BAM JOINT VENTURE,EIFFAGEJ,A4421 BUCKINGHAM ROAD OVERBRIDGE,Open (Hire Continues),,05:37,07:02,12:39,,55.7,00:00,32,146,11.54,0.39,50,Yes,Hitachi - AEMP 2.0,Hitachi - AEMP 2.0,Hitachi - AEMP 2.0,,,,
2023/08/14,2023/08/17,513,Hitachi ZX135USBL-7 XW4 (Rotate),EXCAVATOR,,HITACHI,,HCMDA450H00095963,,,,WALTERS UK LTD,WALTERSU,"COSTAIN ALLERDENE COMPOUND, GATESHEAD (A1 BIRTLEY)",Open (Hire Continues),,04:05,02:25,06:30,,37.2,00:00,16,84,12.92,0.22,25,Yes,Hitachi - AEMP 2.0,Hitachi - AEMP 2.0,Hitachi - AEMP 2.0,,,,
2023/08/14,2023/08/17,514,DV90 DUEL VIEW,DUMPER,,WACKERNEUSON,DV90,WNCD2402KPAL01465,2020,,,D H M S CIVILS LTD,DHMSCIVI,"BROCKINGTON COLLEGE, LEICESTER",Open (Hire Continues),,00:23,00:22,00:45,,49.3,00:00,2,,,,100,Yes,Trackunit - AEMP 2.0,Trackunit - AEMP 2.0,Trackunit - AEMP 2.0,,,,
2023/08/14,2023/08/17,515,CAT D6,DOZER,,CATERPILLAR,D6XE,WGY01016,,,,EIFFAGE KIER FERROVIAL BAM JOINT VENTURE,EIFFAGEJ,A4421 BUCKINGHAM ROAD OVERBRIDGE,Open (Hire Continues),,12:42,05:42,18:24,,31,00:00,46,300,16.3,0.79,100,Yes,CAT - AEMP 2.0,CAT - AEMP 2.0,CAT - AEMP 2.0,,,,
2023/08/14,2023/08/17,517,Hitachi ZX135W-7 Wheeled Excavator GPS S/S Engcon,EXCAVATOR,,HITACHI,,HCMLAF5ZJ00003040,,,,EIFFAGE KIER FERROVIAL BAM JOINT VENTURE,EIFFAGEJ,"CHILTERN TUNNEL NORTH PORTAL, GREAT MISSENDEN",Open (Hire Continues),,09:24,09:54,19:18,,51.3,00:18,48,225,11.66,0.59,50,Yes,Hitachi - AEMP 2.0,Hitachi - AEMP 2.0,Hitachi - AEMP 2.0,,,,
2023/08/14,2023/08/17,518,JOHN DEERE 6155R YF22 AGZ,OTHER,,JOHN_DEERE,,1L06155RJNN145125,,,,EIFFAGE KIER FERROVIAL BAM JOINT VENTURE,EIFFAGEJ,"GATE 10, WEST STREET, TWYFORD",Open (Hire Continues),,07:23,11:25,18:48,,60.7,00:00,47,121,6.44,0.32,100,Yes,John Deere - AEMP 2.0,John Deere - AEMP 2.0,John Deere - AEMP 2.0,,,,
2023/08/14,2023/08/17,519,BELL B30E,ADT,,BELL,B30E,B93A631EA03310245,,Diesel,Stage V,UNALLOCATED,UNALLOCATED,UNALLOCATED,,,07:06,09:24,16:30,,57,00:00,41,307,18.61,0.81,75,Yes,Bell - AEMP 2.0,Bell - AEMP 2.0,Bell - AEMP 2.0,,,,
2023/08/14,2023/08/17,520,Bell b30e,OTHER,,BELL,,B93A631EP03010246,,,,G R POTTER CONTRACTS LTD,POTTERC1,"ARCOT HALL, CRAMLINGTON",Open (Hire Continues),,06:48,11:12,18:00,,62.2,00:00,45,333,18.5,0.88,75,Yes,Bell - AEMP 2.0,Bell - AEMP 2.0,Bell - AEMP 2.0,,,,
2023/08/14,2023/08/17,522,BELL B30E,ADT,,BELL,B30E,B93A631ET03010261,,Diesel,Stage V,BAM NUTTALL LTD,BAMNUTTA,"CALVERLEY, LOW HALL ROAD, LEEDS",Open (Hire Continues),,02:54,08:42,11:36,,75,00:00,29,148,12.76,0.39,75,Yes,Bell - AEMP 2.0,Bell - AEMP 2.0,Bell - AEMP 2.0,,,,
2023/08/14,2023/08/17,523,BELL B30E,ADT,,BELL,B30E,B93A631EJ03010264,,Diesel,Stage V,BAM NUTTALL LTD,BAMNUTTA,"CALVERLEY, LOW HALL ROAD, LEEDS",Open (Hire Continues),,02:24,08:06,10:30,,77.1,00:00,26,110,10.48,0.29,75,Yes,Bell - AEMP 2.0,Bell - AEMP 2.0,Bell - AEMP 2.0,,,,
2023/08/14,2023/08/17,524,Hitachi ZX135W-7 Wheeled Excavator S/S,EXCAVATOR,,HITACHI,ZX135W,HCMLAF5ZC00003095,,,,EIFFAGE KIER FERROVIAL BAM JOINT VENTURE,EIFFAGEJ,GREATWORTH GREEN TUNNEL,Open (Hire Continues),,08:06,21:45,29:51,,72.9,00:03,75,160,5.36,0.42,75,Yes,Hitachi - AEMP 2.0,Hitachi - AEMP 2.0,Hitachi - AEMP 2.0,,,,
2023/08/14,2023/08/17,525,Hitachi ZX130LCN-7 Excavator (Rotate),EXCAVATOR,,HITACHI,,HCMDA351P00096636,,,,MWS CONTRACTS (UK) LTD,MWSCONTR,"JUST BEFORE FARRANS COMPOUND, BARNARD CASTLE",Unconfirmed Hire,,01:20,00:25,01:45,,24,00:00,4,14,8,0.04,50,Yes,Hitachi - AEMP 2.0,Hitachi - AEMP 2.0,Hitachi - AEMP 2.0,,,,
2023/08/14,2023/08/17,526,HITACHI ZX130-7,OTHER,,HITACHI,,HCMDA351A00096577,,,,JO STRAUGHAN & CO LTD,STR002,"NETHERTON PARK STEADS, STANNINGTON, MORPETH",Open (Hire Continues),,,,,,,,,,,,0,Yes,Hitachi - AEMP 2.0,Hitachi - AEMP 2.0,Hitachi - AEMP 2.0,,,,
2023/08/14,2023/08/17,527,HITACHI ZX155W-7,WHEELED EXCAVATOR,,HITACHI,ZX155W,HCMLBS5ZC00200158,,,,EIFFAGE KIER FERROVIAL BAM JOINT VENTURE,EIFFAGEJ,STONETON LANE GREEN OVERBRIDGE,Open (Hire Continues),,08:49,10:14,19:03,,53.7,00:00,48,194,10.18,0.51,50,Yes,Hitachi - AEMP 2.0,Hitachi - AEMP 2.0,Hitachi - AEMP 2.0,,,,
2023/08/14,2023/08/17,528,JOHN DEERE 6R155 YG72 BFY,OTHER,,JOHN_DEERE,,1L06155RCNN156717,,,,PLANTFORCE RENTALS LTD,PLANTFOR,"ILETTS COURTYARD, BRACKLEY",Open (Hire Continues),,08:28,09:59,18:27,,54.1,00:00,46,,,,100,Yes,John Deere - AEMP 2.0,John Deere - AEMP 2.0,John Deere - AEMP 2.0,,,,
2023/08/14,2023/08/17,529,BELLB30E,ADT,,BELL,B30E,B93A631EJ03310323,,Diesel,Stage V,T C C PLANT LTD,TCCPLANT,SEAH WINDFARM,Open (Hire Continues),,04:42,21:54,26:36,,82.3,00:00,66,119,4.47,0.31,75,Yes,Bell - AEMP 2.0,Bell - AEMP 2.0,Bell - AEMP 2.0,,,,
2023/08/14,2023/08/17,530,BELL B30E,ADT,,BELL,B30E,B93A631ET03310320,,Diesel,Stage V,T C C PLANT LTD,TCCPLANT,P D PORTS ENTRANCE ///HOMES.SEASON.HEAVY,Open (Hire Continues),,02:48,18:48,21:36,,87,00:00,54,108,5,0.29,75,Yes,Bell - AEMP 2.0,Bell - AEMP 2.0,Bell - AEMP 2.0,,,,
2023/08/14,2023/08/17,531,CAT 308,MIDI EXCAVATOR,,CATERPILLAR,308 CR,GW803258,,,,EIFFAGE KIER FERROVIAL BAM JOINT VENTURE,EIFFAGEJ,GREATWORTH PARK,Open (Hire Continues),,11:48,15:12,27:00,,56.3,00:00,68,108,4,0.29,100,Yes,CAT - AEMP 2.0,CAT - AEMP 2.0,CAT - AEMP 2.0,,,,
2023/08/14,2023/08/17,532,HITACHI ZX225-7,OTHER,,HITACHI,,HCMDF150V00501400,,,,EIFFAGE KIER FERROVIAL BAM JOINT VENTURE,EIFFAGEJ,STONETON LANE GREEN OVERBRIDGE,Open (Hire Continues),,03:55,02:38,06:33,,40.3,00:00,16,135,20.61,0.36,25,Yes,Hitachi - AEMP 2.0,Hitachi - AEMP 2.0,Hitachi - AEMP 2.0,,,,
2023/08/14,2023/08/17,533,JOHN DEERE 6R155 YG72 BFX,OTHER,,JOHN_DEERE,,1L06155RVNN156676,,,,EIFFAGE KIER FERROVIAL BAM JOINT VENTURE,EIFFAGEJ,"STATION ROAD COMPOUND, QUAINTON",Open (Hire Continues),,12:37,08:38,21:15,,40.6,00:00,53,,,,100,Yes,John Deere - AEMP 2.0,John Deere - AEMP 2.0,John Deere - AEMP 2.0,,,,
2023/08/14,2023/08/17,534,JOHN DEERE 6R195 YC72 EXK,OTHER,,JOHN_DEERE,,1L06195RLNN161502,,,,EIFFAGE KIER FERROVIAL BAM JOINT VENTURE,EIFFAGEJ,"CHIPPING WARDEN, GREEN TUNNEL",Open (Hire Continues),,16:50,07:37,24:27,,31.2,00:00,61,,,,100,Yes,John Deere - AEMP 2.0,John Deere - AEMP 2.0,John Deere - AEMP 2.0,,,,
2023/08/14,2023/08/17,535,HITACHI ZX135-7,OTHER,,HITACHI,,HCMDA450T00097037,,,,BALFOUR BEATTY CONSTRUCTION SERVICES,BALFOURB,"PORTER STREET NORTH, HULL",Full Off Hire,,04:08,04:46,08:54,,53.6,00:00,22,97,10.9,0.26,100,Yes,Hitachi - AEMP 2.0,Hitachi - AEMP 2.0,Hitachi - AEMP 2.0,,,,
2023/08/14,2023/08/17,536,HITACHI ZX135-7,OTHER,,HITACHI,,HCMDA450H00097051,,,,UNALLOCATED,UNALLOCATED,BALFOUR BEATTY HULL,,,,,,,,,,,,,0,Yes,Hitachi - AEMP 2.0,Hitachi - AEMP 2.0,Hitachi - AEMP 2.0,,,,
2023/08/14,2023/08/17,538,KOBELCO SK210,OTHER,,KOBELCO,,WB03005059,,,,EIFFAGE KIER FERROVIAL BAM JOINT VENTURE,EIFFAGEJ,A423 BANBURY ROAD OVERBRIDGE COMPOUND,Open (Hire Continues),,05:04,14:56,20:00,,74.7,00:00,50,111,5.55,0.29,75,Yes,Kobelco - AEMP 2.0,Kobelco - AEMP 2.0,Kobelco - AEMP 2.0,,,,
2023/08/14,2023/08/17,541,541,OTHER,,HITACHI,,HCMDD750C00090636,,,,J N BENTLEY LTD,BENTLEY,"JNB EAST COMPOUND, WEETON, HULL",Open (Hire Continues),,17:26,02:58,20:24,,14.6,00:24,51,778,38.14,2.05,50,Yes,Hitachi - AEMP 2.0,Hitachi - AEMP 2.0,Hitachi - AEMP 2.0,,,,
2023/08/14,2023/08/17,542,JOHN DEERE 6R155 YH72 UKO,OTHER,,JOHN_DEERE,,1L06155RPNN165310,,,,UNALLOCATED,UNALLOCATED,EKFB,,,13:19,16:05,29:24,,54.7,00:12,74,,,,100,Yes,John Deere - AEMP 2.0,John Deere - AEMP 2.0,John Deere - AEMP 2.0,,,,
2023/08/14,2023/08/17,543,543,OTHER,,CATERPILLAR,,GW803364,,,,UNALLOCATED,UNALLOCATED,UNALLOCATED,,,00:42,02:00,02:42,,74.1,00:00,7,8,2.96,0.02,75,Yes,CAT - AEMP 2.0,CAT - AEMP 2.0,CAT - AEMP 2.0,,,,
2023/08/14,2023/08/17,544,544,OTHER,,CATERPILLAR,,0GW803360,,,,RAINTON CONSTRUCTION LIMITED,RAINTONC,"LOCOMOTION, SHILDON",Open (Hire Continues),,04:30,02:36,07:06,,36.6,00:00,18,28,3.94,0.07,75,Yes,CAT - AEMP 2.0,CAT - AEMP 2.0,CAT - AEMP 2.0,,,,
2023/08/14,2023/08/17,545,545,OTHER,,CATERPILLAR,,GW803432,,,,UNALLOCATED,UNALLOCATED,UNALLOCATED,,,02:36,02:12,04:48,,45.8,00:00,12,22,4.58,0.06,75,Yes,CAT - AEMP 2.0,CAT - AEMP 2.0,CAT - AEMP 2.0,,,,
2023/08/14,2023/08/17,546,546,EXCAVATOR,,CATERPILLAR,,0GW803355,,,,EIFFAGE KIER FERROVIAL BAM JOINT VENTURE,EIFFAGEJ,"CHIPPING WARDEN, GREEN TUNNEL",Unconfirmed Hire,,00:00,00:00,00:00,,,00:00,0,0,0,0,75,Yes,CAT - AEMP 2.0,CAT - AEMP 2.0,CAT - AEMP 2.0,,,,
2023/08/14,2023/08/17,547,CAT 308,OTHER,,CATERPILLAR,,0GW803368,,,,BALFOUR BEATTY CONSTRUCTION SERVICES,BALFOURB,"SITE OFFICES, WORSBOROUGH BRIDGE, BARNSLEY",Open (Hire Continues),,14:00,03:18,17:18,,19.1,00:00,43,115,6.65,0.3,100,Yes,CAT - AEMP 2.0,CAT - AEMP 2.0,CAT - AEMP 2.0,,,,
2023/08/14,2023/08/17,548,Cat 308,OTHER,,CATERPILLAR,,GW803359,,,,UNALLOCATED,UNALLOCATED,UNALLOCATED,,,14:54,11:12,26:06,,42.9,00:00,65,129,4.94,0.34,75,Yes,CAT - AEMP 2.0,CAT - AEMP 2.0,CAT - AEMP 2.0,,,,
2023/08/14,2023/08/17,549,549,OTHER,,CATERPILLAR,,0GW803365,,,,JOSEPH GALLAGHER LTD,GALLAGHE,"TEES VALLEY, BARNARD CASTLE",Open (Hire Continues),,20:12,05:00,25:12,,19.8,00:00,63,180,7.14,0.48,75,Yes,CAT - AEMP 2.0,CAT - AEMP 2.0,CAT - AEMP 2.0,,,,
2023/08/14,2023/08/17,552,CAT D2,OTHER,,CATERPILLAR,,XKR01518,,,,ALWOODLEY CIVILS LTD,ALW001,"MCCLAREN CONSTRUCTION, SHERBURN-IN-ELMET",Open (Hire Continues),,11:18,03:06,14:24,,21.5,00:00,36,75,5.21,0.2,75,Yes,CAT - AEMP 2.0,CAT - AEMP 2.0,CAT - AEMP 2.0,,,,
2023/08/14,2023/08/17,553,CAT D2,OTHER,,CATERPILLAR,,XKR01525,,,,CADDICK CONSTRUCTION LTD,CADDICKC,LEEDS VALLEY PARK,Unconfirmed Hire,,10:36,06:18,16:54,,37.3,00:00,42,87,5.15,0.23,100,Yes,CAT - AEMP 2.0,CAT - AEMP 2.0,CAT - AEMP 2.0,,,,
2023/08/14,2023/08/17,554,CAT D3,OTHER,,CATERPILLAR,,CAT000D3LXKY04176,,,,EIFFAGE KIER FERROVIAL BAM JOINT VENTURE,EIFFAGEJ,"STATION ROAD COMPOUND, QUAINTON",Open (Hire Continues),,09:00,12:18,21:18,,57.7,00:00,53,99,4.65,0.26,100,Yes,CAT - AEMP 2.0,CAT - AEMP 2.0,CAT - AEMP 2.0,,,,
2023/08/14,2023/08/17,555,CAT D5,OTHER,,CATERPILLAR,,RG901374,,,,J N BENTLEY LTD,BENTLEY,"JNB EAST COMPOUND, WEETON, HULL",Open (Hire Continues),,31:48,01:30,33:18,,4.5,01:36,83,663,19.91,1.75,100,Yes,CAT - AEMP 2.0,CAT - AEMP 2.0,CAT - AEMP 2.0,,,,
2023/08/14,2023/08/17,556,556,OTHER,,HITACHI,,HCMLBR5ZT00300187,,,,UNALLOCATED,UNALLOCATED,UNALLOCATED,,,07:26,03:01,10:27,,28.9,00:00,26,123,11.77,0.32,50,Yes,Hitachi - AEMP 2.0,Hitachi - AEMP 2.0,Hitachi - AEMP 2.0,,,,
2023/08/14,2023/08/17,557,Hitachi zx155w-7,OTHER,,HITACHI,,HCMLBS5ZT00200209,,,,EIFFAGE KIER FERROVIAL BAM JOINT VENTURE,EIFFAGEJ,GREATWORTH GREEN TUNNEL,Open (Hire Continues),,21:10,07:20,28:30,,25.7,00:03,71,267,9.37,0.7,75,Yes,Hitachi - AEMP 2.0,Hitachi - AEMP 2.0,Hitachi - AEMP 2.0,,,,
2023/08/14,2023/08/17,558,John Deere Tractor 6R 155,TRACTOR,,JOHN_DEERE,,1L06155RKNN164563,,,,UNALLOCATED,UNALLOCATED,EKFB,,,11:02,10:28,21:30,,48.7,00:00,54,,,,100,Yes,John Deere - AEMP 2.0,John Deere - AEMP 2.0,John Deere - AEMP 2.0,OWNED,,,
2023/08/14,2023/08/17,559,John Deere Tractor 6R 215,TRACTOR,,JOHN_DEERE,,1L06215RCNN166371,,,,EIFFAGE KIER FERROVIAL BAM JOINT VENTURE,EIFFAGEJ,"MULBERRY PARK COMPOUND, GREAT MISSENDEN",Open (Hire Continues),,16:37,14:20,30:57,,46.3,01:27,77,,,,100,Yes,John Deere - AEMP 2.0,John Deere - AEMP 2.0,John Deere - AEMP 2.0,OWNED,,,
2023/08/14,2023/08/17,560,Hydrema Dump Truck 912G,DUMP_TRUCK,,HYDREMA,912G,15684,,,,BALFOUR BEATTY CONSTRUCTION SERVICES,BALFOURB,"ARCO, HULL",Open (Hire Continues),,06:48,11:12,18:00,,62.2,00:00,45,65,3.61,0.17,100,Yes,Proemion - AEMP 2.0,Proemion - AEMP 2.0,Proemion - AEMP 2.0,,,,
2023/08/14,2023/08/17,561,561,OTHER,,UNKNOWN,,HCMDA452A00151026,,,,SALIX RIVER & WETLAND SERVICES LTD,SALIX,"WORSBOROUGH RESERVOIR,  BARNSLEY",Full Off Hire,,00:00,00:00,00:00,,,00:00,0,0,0,0,100,Yes,Plant & Vehicle Services,Plant & Vehicle Services,Plant & Vehicle Services,,,,
2023/08/14,2023/08/17,562,562,OTHER,,UNKNOWN,,HCMDA452C00150925,,,,NURSERY PARK DEVELOPMENTS LTD,NURSERYP,"SKIPTON OLD AIRFIELD, SANDHUTTON",Unconfirmed Hire,,04:45,07:54,12:39,,62.5,00:00,32,75,5.93,0.2,100,Yes,Plant & Vehicle Services,Plant & Vehicle Services,Plant & Vehicle Services,,,,
2023/08/14,2023/08/17,563,563,OTHER,,UNKNOWN,,HCMDA452H00151028,,,,UNALLOCATED,UNALLOCATED,UNALLOCATED,,,00:00,00:00,00:00,,,00:00,0,0,0,0,100,Yes,Plant & Vehicle Services,Plant & Vehicle Services,Plant & Vehicle Services,,,,
2023/08/14,2023/08/17,564,Hydrema 922,DUMP TRUCK,,HYDREMA,,15418,,,,COLLINS EARTHWORKS LTD,COLLINSE,COLLECTED,Full Off Hire,,,,,,,,,4,,0.01,0,Yes,Proemion - AEMP 2.0,Proemion - AEMP 2.0,Proemion - AEMP 2.0,,,,
2023/08/14,2023/08/17,565,Cat d3,OTHER,,CATERPILLAR,,XKY04327,,,,UNALLOCATED,UNALLOCATED,UNALLOCATED,,,02:54,02:42,05:36,,48.2,00:00,14,26,4.64,0.07,100,Yes,CAT - AEMP 2.0,CAT - AEMP 2.0,CAT - AEMP 2.0,,,,
2023/08/14,2023/08/17,572,CAT Roller,OTHER,,CATERPILLAR,,CAT0CS12HTTK00309,,,,POTTER FAMILY HOLDINGS LTD,POTTERFA,HEAD OFFICE,Open (Hire Continues),,00:42,00:12,00:54,,22.2,00:00,2,7,7.78,0.02,100,Yes,CAT - AEMP 2.0,CAT - AEMP 2.0,CAT - AEMP 2.0,,,,
2023/08/14,2023/08/17,573,Dump Truck - 16262,OTHER,,HYDREMA,,16262,,,,EIFFAGE KIER FERROVIAL BAM JOINT VENTURE,EIFFAGEJ,GREATWORTH PARK,Open (Hire Continues),,14:12,10:48,25:00,,43.2,00:00,63,151,6.04,0.4,100,Yes,Proemion - AEMP 2.0,Proemion - AEMP 2.0,Proemion - AEMP 2.0,,,,
2023/08/14,2023/08/17,576,Cat d5,OTHER,,CATERPILLAR,,RG901440,,,,UNALLOCATED,UNALLOCATED,UNALLOCATED,,,23:24,06:06,29:30,,20.7,01:12,74,455,15.42,1.2,100,Yes,CAT - AEMP 2.0,CAT - AEMP 2.0,CAT - AEMP 2.0,,,,
2023/08/14,2023/08/17,577,CAT D3 (D5K) Dozer GPS,DOZER,,CATERPILLAR,,XKY04573,,,,G R POTTER CONTRACTS LTD,POTTERC1,"ARCOT HALL, CRAMLINGTON",Open (Hire Continues),,19:48,06:30,26:18,,24.7,00:54,66,271,10.3,0.72,100,Yes,CAT - AEMP 2.0,CAT - AEMP 2.0,CAT - AEMP 2.0,,,,
2023/08/14,2023/08/17,578,Hydrema ,DUMP TRUCK,,HYDREMA,,15843,,,,EIFFAGE KIER FERROVIAL BAM JOINT VENTURE,EIFFAGEJ,GREATWORTH PARK,Open (Hire Continues),,09:00,16:00,25:00,,64,00:00,63,95,3.8,0.25,100,Yes,Proemion - AEMP 2.0,Proemion - AEMP 2.0,Proemion - AEMP 2.0,,,,
2023/08/14,2023/08/17,579,Hydrema Dump Truck - 15844,DUMP TRUCK,,HYDREMA,,15844,,,,BALFOUR BEATTY CONSTRUCTION SERVICES,BALFOURB,"ARCO COMPOUND, HULL",Open (Hire Continues),,07:42,10:18,18:00,,57.2,00:00,45,61,3.39,0.16,100,Yes,Proemion - AEMP 2.0,Proemion - AEMP 2.0,Proemion - AEMP 2.0,,,,
2023/08/14,2023/08/17,580,Bell 30,OTHER,,BELL,,B93A631EK03410680,,,,BAM NUTTALL LTD,BAMNUTTA,"CALVERLEY, LOW HALL ROAD, LEEDS",Open (Hire Continues),,04:30,12:12,16:42,,73.1,00:00,42,235,14.07,0.62,75,Yes,Bell - AEMP 2.0,Bell - AEMP 2.0,Bell - AEMP 2.0,,,,
2023/08/14,2023/08/17,581,Bell B30E Dump Truck,DUMP TRUCK,,BELL,,B93A631EL03410699,,,,G R POTTER CONTRACTS LTD,POTTERC1,UNALLOCATED,,,07:48,10:30,18:18,,57.4,00:00,46,327,17.87,0.86,75,Yes,Bell - AEMP 2.0,Bell - AEMP 2.0,Bell - AEMP 2.0,,,,
2023/08/14,2023/08/17,582,582,OTHER,,CATERPILLAR,,YDE30031,,,,UNALLOCATED,UNALLOCATED,UNALLOCATED,,,00:00,00:00,00:00,,,00:00,0,0,0,0,100,Yes,CAT - AEMP 2.0,CAT - AEMP 2.0,CAT - AEMP 2.0,,,,
2023/08/14,2023/08/17,584,John Deere 6R155 Tractor,TRACTOR,,JOHN_DEERE,,1L06155RHPN182153,,,,BAM NUTTALL LTD,BAMNUTTA,"CALVERLEY, LOW HALL ROAD, LEEDS",Open (Hire Continues),,09:28,18:53,28:21,,66.6,00:00,71,,,,100,Yes,John Deere - AEMP 2.0,John Deere - AEMP 2.0,John Deere - AEMP 2.0,,,,
2023/08/14,2023/08/17,587,Bell B20E Dump Truck,DUMP TRUCK,,BELL,,B93A620EL03410701,,,,BAM NUTTALL LTD,BAMNUTTA,"A19 SHIPTON ROAD, YORK (CLIFTON INGS)",Open (Hire Continues),,02:12,07:48,10:00,,78,00:00,25,48,4.8,0.13,75,Yes,Bell - AEMP 2.0,Bell - AEMP 2.0,Bell - AEMP 2.0,,,,
2023/08/14,2023/08/17,591,Hydrema 912G Dumper,DUMP TRUCK,,HYDREMA,,16179,,,,M G L DEMOLITION LTD,MGLDEMOL,"BELMONT COMMUNITY SCHOOL (KIER), DURHAM",Unconfirmed Hire,,02:24,03:36,06:00,,60,00:00,15,20,3.33,0.05,50,Yes,Proemion - AEMP 2.0,Proemion - AEMP 2.0,Proemion - AEMP 2.0,,,,
2023/08/14,2023/08/17,592,Hydrema 912G Dumper,DUMP TRUCK,,HYDREMA,,16180,,,,UNALLOCATED,UNALLOCATED,UNALLOCATED,,,,,,,,,,,,,0,Yes,Proemion - AEMP 2.0,Proemion - AEMP 2.0,Proemion - AEMP 2.0,,,,
2023/08/14,2023/08/17,595,Dump Truck - 16181,OTHER,,HYDREMA,,16181,,,,EIFFAGE KIER FERROVIAL BAM JOINT VENTURE,EIFFAGEJ,A423 BANBURY ROAD OVERBRIDGE COMPOUND,Open (Hire Continues),,04:30,20:30,25:00,,82,00:00,63,73,2.92,0.19,100,Yes,Proemion - AEMP 2.0,Proemion - AEMP 2.0,Proemion - AEMP 2.0,,,,
2023/08/14,2023/08/17,596,John Deere 6R155 Tractor,TRACTOR,,JOHN_DEERE,,1L06155RPPN184281,,,,J N BENTLEY LTD,BENTLEY,"JNB EAST COMPOUND, WEETON, HULL",Open (Hire Continues),,10:28,20:59,31:27,,66.7,00:42,79,,,,100,Yes,John Deere - AEMP 2.0,John Deere - AEMP 2.0,John Deere - AEMP 2.0,,,,
2023/08/14,2023/08/17,607,John Deere 6R195 Tractor,TRACTOR,,JOHN_DEERE,,1L06195RPPN191612,,,,EIFFAGE KIER FERROVIAL BAM JOINT VENTURE,EIFFAGEJ,"CHIPPING WARDEN, GREEN TUNNEL",Open (Hire Continues),,08:33,11:30,20:03,,57.4,00:00,50,,,,100,Yes,John Deere - AEMP 2.0,John Deere - AEMP 2.0,John Deere - AEMP 2.0,,,,
2023/08/14,2023/08/17,608,Doosan dx100w-7,OTHER,,DOOSAN,,DHKCEWCPSP6001150,,,,BALFOUR BEATTY CONSTRUCTION SERVICES,BALFOURB,"WOODCROFT, STOCKTON-ON-TEES",Open (Hire Continues),,06:19,12:24,18:43,,66.2,00:00,47,87,4.65,0.23,100,Yes,Doosan,Doosan,Doosan,,,,
2023/08/14,2023/08/17,610,Cat 315,OTHER,,CATERPILLAR,,YDE00622,,,,UNALLOCATED,UNALLOCATED,UNALLOCATED,,,00:00,00:00,00:00,,,00:00,0,0,0,0,100,Yes,CAT - AEMP 2.0,CAT - AEMP 2.0,CAT - AEMP 2.0,,,,
2023/08/14,2023/08/17,611,Cat 315,OTHER,,CATERPILLAR,,YDE30030,,,,UNALLOCATED,UNALLOCATED,UNALLOCATED,,,00:00,00:00,00:00,,,00:00,0,0,0,0,75,Yes,CAT - AEMP 2.0,CAT - AEMP 2.0,CAT - AEMP 2.0,,,,
2023/08/14,2023/08/17,86,CAT D6T,DOZER,,CATERPILLAR,D6T,JRW00194,,,,UNALLOCATED,UNALLOCATED,UNALLOCATED,,,,,,,,,,,,,0,Yes,CAT - AEMP 2.0,CAT - AEMP 2.0,CAT - AEMP 2.0,,,,
2023/08/14,2023/08/17,87,Hitachi  ZX210LC-3 Excavator GPS,EXCAVATOR,,HITACHI,,BFF220978,,,,G R POTTER CONTRACTS LTD,POTTERC1,"ARCOT HALL, CRAMLINGTON",Open (Hire Continues),,,,,,,,,,,,0,Yes,Hitachi - AEMP 2.0,Hitachi - AEMP 2.0,Hitachi - AEMP 2.0,,,,
2023/08/14,2023/08/17,90,90,OTHER,,HITACHI,,HCMBFJ00L00222112,,,,UNALLOCATED,UNALLOCATED,UNALLOCATED,,,,,,,,,,,,,0,Yes,Hitachi - AEMP 2.0,Hitachi - AEMP 2.0,Hitachi - AEMP 2.0,,,,
2023/08/14,2023/08/17,94,Hitachi ZX85USB-3 Excavator,EXCAVATOR,,HITACHI,,BFC082650,,,,FALLON D & B LTD,FALLONDB,"JOHNSON MATTHEY, STOCKTON ON TEES",Open (Hire Continues),,05:32,01:51,07:23,,25,00:00,18,,,,50,Yes,Hitachi - AEMP 2.0,Hitachi - AEMP 2.0,Hitachi - AEMP 2.0,,,HCMBFC00K00082650,
2023/08/14,2023/08/17,95,Hitachi ZX85USB-3 Excavator,EXCAVATOR,,HITACHI,,BFC82290,,,,UNALLOCATED,UNALLOCATED,UNALLOCATED,,,,,,,,,,,,,0,Yes,Hitachi - AEMP 2.0,Hitachi - AEMP 2.0,Hitachi - AEMP 2.0,,,HCMBFC00T00082290,
2023/08/14,2023/08/17,97 ,Hitachi ZX130 LCN Excavator,OTHER,,HITACHI,,BCH 300675,,,,MISCELLANEOUS HIRE ACCOUNT,MSCGP,"CJ WALKER, SCARBROUGH",Unconfirmed Hire,,00:15,00:03,00:18,,16.7,00:00,1,2,6.67,0.01,50,Yes,Hitachi - AEMP 2.0,Hitachi - AEMP 2.0,Hitachi - AEMP 2.0,,,HCMBCH00C00300675,
2023/08/14,2023/08/17,99,CAT D6K,DOZER,,CATERPILLAR,D6K,RST00311,,,,UNALLOCATED,UNALLOCATED,UNALLOCATED,,,09:12,05:18,14:30,,36.6,00:00,36,191,13.17,0.5,100,Yes,CAT - AEMP 2.0,CAT - AEMP 2.0,CAT - AEMP 2.0,,,,
2023/08/14,2023/08/17,B93A620EA03410857,B93A620EA03410857,OTHER,,BELL,,B93A620EA03410857,,,,UNALLOCATED,UNALLOCATED,UNALLOCATED,,,00:00,00:00,00:00,,,00:00,0,0,0,0,75,Yes,Bell - AEMP 2.0,Bell - AEMP 2.0,Bell - AEMP 2.0,,,,
2023/08/14,2023/08/17,B93A620EC03410760,B93A620EC03410760,OTHER,,BELL,,B93A620EC03410760,,,,UNALLOCATED,UNALLOCATED,UNALLOCATED,,,00:00,00:00,00:00,,,00:00,0,0,0,0,75,Yes,Bell - AEMP 2.0,Bell - AEMP 2.0,Bell - AEMP 2.0,,,,
2023/08/14,2023/08/17,B93A620EH03410876,B93A620EH03410876,OTHER,,BELL,,B93A620EH03410876,,,,UNALLOCATED,UNALLOCATED,UNALLOCATED,,,00:00,00:00,00:00,,,00:00,0,0,0,0,75,Yes,Bell - AEMP 2.0,Bell - AEMP 2.0,Bell - AEMP 2.0,,,,
2023/08/14,2023/08/17,Brendan,Brendan fitter,VEHICLE,,OTHER,,,,Diesel,Stage IV,UNALLOCATED,UNALLOCATED,UNALLOCATED,,,,,,,,,,,,,0,Yes,MaxTracker 350544506389413,MaxTracker 350544506389413,,OWNED,,,
2023/08/14,2023/08/17,DYC01028,DYC01028,OTHER,,CATERPILLAR,,DYC01028,,,,UNALLOCATED,UNALLOCATED,UNALLOCATED,,,30:42,02:24,33:06,,7.3,01:42,83,446,13.47,1.18,100,Yes,CAT - AEMP 2.0,CAT - AEMP 2.0,CAT - AEMP 2.0,,,,
2023/08/14,2023/08/17,HV22 NCY,Fitter,VEHICLE,,FORD,Transit ,,,Diesel,,UNALLOCATED,UNALLOCATED,FITTERS,,,16:38,02:50,19:28,61:37,14.6,00:00,49,,,,100,Yes,MaxTracker 350544507277369,MaxTracker 350544507277369,,,,,
2023/08/14,2023/08/17,Hire @ Potter 6175R YG21 JUW,Hire @ Potter 6175R YG21 JUW,OTHER,,JOHN_DEERE,,1L06175RKMR101031,,,,UNALLOCATED,UNALLOCATED,UNALLOCATED,,,14:07,14:23,28:30,,50.5,00:00,71,178,6.25,0.47,100,Yes,John Deere - AEMP 2.0,John Deere - AEMP 2.0,John Deere - AEMP 2.0,,,,
2023/08/14,2023/08/17,SHAUN,FITTER,VEHICLE,,OTHER,,,,,,UNALLOCATED,UNALLOCATED,FITTERS,,,18:21,01:32,19:53,61:34,7.7,00:00,50,,,,100,Yes,MaxTracker 350544506389959,MaxTracker 350544506389959,,,,,
2023/08/14,2023/08/17,Sam fitter,Transit,VEHICLE,,OTHER,,,,,,UNALLOCATED,UNALLOCATED,FITTERS,,,17:46,01:08,18:55,62:18,6,00:00,47,,,,100,Yes,MaxTracker 350544506376865,MaxTracker 350544506376865,,,,,
2023/08/14,2023/08/17,Tom connolly,Fitter,VEHICLE,,OTHER,,,,,,UNALLOCATED,UNALLOCATED,FITTERS,,,00:00,00:00,00:00,81:39,,00:00,0,,,,100,Yes,MaxTracker 350544506389579,MaxTracker 350544506389579,,,,,
